username,film_slug,film_id,rating
jay,the-drama,,4.0
jay,send-help,,2.5
jay,28-years-later-the-bone-temple,,3.5
jay,avatar-fire-and-ash,,3.0
jay,marty-supreme,,4.0
jay,primate-2025,,2.0
jay,one-battle-after-another,,4.0
jay,bad-apples-2025,,4.0
jay,wake-up-dead-man,,3.0
jay,steve-2025,,3.0
jay,the-smashing-machine-2025,,3.0
jay,frankenstein-2025,,2.5
jay,hamnet,,2.0
jay,after-the-hunt-2025,,3.5
jay,no-other-choice-2025,,4.0
jay,rose-of-nevada,,4.5
jay,bugonia,,3.5
jay,jay-kelly,,3.5
jay,weapons-2025,,3.0
jay,the-naked-gun,,3.0
jay,m3gan-20,,2.5
jay,28-years-later,,3.5
jay,titan-the-oceangate-submersible-disaster,,2.5
jay,the-mastermind-2025,,4.0
jay,fear-street-prom-queen,,1.5
jay,sentimental-value-2025,,4.0
jay,the-history-of-sound,,2.5
jay,connemara,,1.0
jay,romeria,,3.0
jay,eleanor-the-great,,2.5
jay,it-was-just-an-accident,,4.0
jay,splitsville,,1.5
jay,alpha-2025,,4.0
jay,the-phoenician-scheme,,3.5
jay,pillion-2025,,4.0
jay,die-my-love,,4.0
jay,eddington,,2.5
jay,bring-her-back,,4.0
jay,final-destination-bloodlines,,3.5
jay,mission-impossible-the-final-reckoning,,3.0
jay,sinners-2025,,3.5
jay,a-minecraft-movie,,1.0
jay,nirvanna-the-band-the-show-the-movie,,3.5
jay,mickey-17,,3.0
jay,the-monkey-2025,,1.0
jay,bridget-jones-mad-about-the-boy,,3.5
jay,lurker-2025,,3.5
jay,sorry-baby-2025,,4.0
jay,train-dreams,,4.0
jay,if-i-had-legs-id-kick-you,,4.0
jay,a-complete-unknown,,3.5
jay,sonic-the-hedgehog-3,,3.0
jay,hot-frosty,,1.5
jay,nosferatu-2024,,3.0
jay,wallace-gromit-vengeance-most-fowl,,4.0
jay,wicked-2024,,3.0
jay,smile-2-2024,,3.0
jay,terrifier-3,,2.0
jay,bring-them-down,,3.5
jay,hard-truths-2024,,4.0
jay,we-live-in-time,,3.0
jay,joker-folie-a-deux,,2.0
jay,queer-2024,,4.0
jay,the-room-next-door-2024,,4.0
jay,saturday-night-2024,,2.5
jay,better-man-2024,,4.0
jay,conclave,,3.5
jay,nickel-boys,,4.0
jay,the-crow-2024,,1.0
jay,alien-romulus,,2.5
jay,deadpool-wolverine,,2.0
jay,trap-2024,,3.5
jay,twisters,,3.0
jay,longlegs,,3.0
jay,maxxxine,,2.0
jay,flow-2024,,3.5
jay,anora,,3.5
jay,the-apprentice-2024,,3.5
jay,the-substance,,3.5
jay,the-surfer-2024,,3.5
jay,kinds-of-kindness,,3.5
jay,bird-2024,,3.0
jay,megalopolis-2024,,2.0
jay,furiosa-a-mad-max-saga,,4.0
jay,scoop-2024,,2.0
jay,challengers,,4.0
jay,godzilla-kong-the-new-empire,,2.0
jay,the-idea-of-you-2024,,2.5
jay,irish-wish,,1.5
jay,brandy-hellville-the-cult-of-fast-fashion,,1.5
jay,ren-faire,,4.0
jay,small-things-like-these,,3.5
jay,crossing-2024,,3.5
jay,madame-web,,1.0
jay,dune-part-two,,4.0
jay,a-real-pain,,3.5
jay,love-lies-bleeding-2024,,4.0
jay,kneecap,,4.0
jay,wonka,,3.0
jay,merchant-ivory,,2.5
jay,the-iron-claw-2023,,3.5
jay,the-hunger-games-the-ballad-of-songbirds-snakes,,3.0
jay,thanksgiving-2023,,3.0
jay,five-nights-at-freddys,,2.0
jay,chicken-run-dawn-of-the-nugget,,2.5
jay,the-exorcist-believer,,1.5
jay,saw-x,,3.5
jay,no-one-will-save-you,,2.0
jay,a-haunting-in-venice,,2.5
jay,american-fiction,,2.5
jay,hit-man-2023,,3.0
jay,priscilla,,3.5
jay,the-killer-2023,,3.5
jay,maestro-2023,,3.0
jay,nyad,,2.0
jay,poor-things-2023,,4.0
jay,the-royal-hotel,,3.0
jay,the-wonderful-story-of-henry-sugar,,2.5
jay,all-of-us-strangers,,3.5
jay,saltburn,,3.0
jay,the-holdovers,,4.5
jay,ferrari-2023,,2.5
jay,the-bikeriders,,3.5
jay,el-conde,,2.5
jay,retribution-2023,,1.5
jay,teenage-mutant-ninja-turtles-mutant-mayhem,,3.5
jay,gran-turismo,,2.5
jay,the-boy-and-the-heron,,3.5
jay,oppenheimer-2023,,4.5
jay,barbie,,3.5
jay,insidious-the-red-door,,2.5
jay,paradise-2023-1,,2.5
jay,mission-impossible-dead-reckoning,,3.5
jay,black-mirror-demon-79,,3.5
jay,black-mirror-mazey-day,,1.5
jay,black-mirror-beyond-the-sea,,3.0
jay,black-mirror-loch-henry,,3.0
jay,black-mirror-joan-is-awful,,2.0
jay,they-cloned-tyrone,,3.5
jay,the-flash,,1.5
jay,meg-2-the-trench,,1.0
jay,spider-man-across-the-spider-verse,,3.0
jay,la-chimera,,4.0
jay,perfect-days-2023,,4.0
jay,in-our-day,,3.0
jay,cobweb-2023-1,,3.5
jay,the-taste-of-things,,4.5
jay,asteroid-city,,3.5
jay,kidnapped-2023,,2.5
jay,kubi,,3.0
jay,fallen-leaves-2023,,4.0
jay,the-boogeyman,,2.5
jay,club-zero,,2.0
jay,anatomy-of-a-fall,,4.0
jay,killers-of-the-flower-moon,,4.0
jay,may-december,,4.0
jay,the-zone-of-interest,,4.0
jay,how-to-have-sex,,4.0
jay,the-new-boy,,3.0
jay,monster-2023,,4.0
jay,strange-way-of-life,,2.5
jay,blood-gold,,2.5
jay,beau-is-afraid,,3.5
jay,the-super-mario-bros-movie,,3.0
jay,clock-2023,,2.5
jay,murder-mystery-2,,1.5
jay,air-2023,,3.5
jay,evil-dead-rise,,3.5
jay,bottoms,,3.0
jay,dungeons-dragons-honor-among-thieves,,3.0
jay,john-wick-chapter-4,,4.0
jay,scream-vi,,3.5
jay,luther-the-fallen-sun,,2.5
jay,cocaine-bear,,1.5
jay,orlando-my-political-biography,,3.0
jay,reality-2023,,3.5
jay,blackberry-2023,,4.0
jay,ant-man-and-the-wasp-quantumania,,1.5
jay,knock-at-the-cabin,,2.5
jay,passages-2023,,3.5
jay,rye-lane,,3.5
jay,scrapper-2023,,4.0
jay,past-lives,,4.0
jay,theater-camp-2023,,3.0
jay,polite-society,,2.5
jay,m3gan,,2.5
jay,avatar-the-way-of-water,,4.0
jay,your-christmas-or-mine,,2.5
jay,troll-2022,,2.0
jay,puss-in-boots-the-last-wish,,4.0
jay,disenchanted,,1.5
jay,stutz,,3.5
jay,talk-to-me-2022,,3.5
jay,black-panther-wakanda-forever,,3.0
jay,guillermo-del-toros-pinocchio,,4.0
jay,lyle-lyle-crocodile,,2.0
jay,halloween-ends,,2.5
jay,the-estate-2022,,0.5
jay,roald-dahls-matilda-the-musical,,3.0
jay,hocus-pocus-2,,2.5
jay,the-almond-and-the-seahorse,,1.5
jay,smile-2022,,1.0
jay,amsterdam-2022,,1.5
jay,do-revenge,,2.5
jay,sanctuary-2022,,3.5
jay,sick-2022,,3.5
jay,my-policeman,,3.0
jay,the-good-nurse,,3.0
jay,catherine-called-birdy,,3.0
jay,how-to-blow-up-a-pipeline,,4.0
jay,causeway,,3.5
jay,the-fabelmans,,3.5
jay,glass-onion,,2.5
jay,the-menu-2022,,2.0
jay,allelujah,,1.5
jay,see-how-they-run-2022,,2.5
jay,bros,,1.5
jay,blonde-2022,,2.0
jay,the-son-2022,,2.0
jay,pinocchio-2022,,1.5
jay,saint-omer,,3.0
jay,the-banshees-of-inisherin,,4.0
jay,dont-worry-darling,,2.0
jay,the-whale-2022,,3.0
jay,pearl-2022,,3.5
jay,the-wonder,,3.0
jay,lady-chatterleys-lover-2022,,4.0
jay,women-talking,,3.5
jay,bones-and-all,,4.0
jay,tar-2022,,5.0
jay,blue-jean,,4.5
jay,bardo-false-chronicle-of-a-handful-of-truths,,2.5
jay,white-noise-2022,,3.0
jay,terrifier-2,,3.0
jay,barbarian-2022,,3.0
jay,i-came-by,,2.0
jay,beast-2022-1,,2.0
jay,fall-2022,,3.0
jay,day-shift-2022,,2.5
jay,medusa-deluxe,,4.0
jay,prey-2022,,3.5
jay,orphan-first-kill,,3.5
jay,skinamarink,,3.0
jay,they-them-2022-1,,1.5
jay,nope,,3.5
jay,mrs-harris-goes-to-paris,,3.5
jay,the-gray-man-2022,,2.0
jay,persuasion-2022,,1.5
jay,minions-the-rise-of-gru,,3.0
jay,thor-love-and-thunder,,1.5
jay,spiderhead,,2.0
jay,dragon-ball-super-super-hero,,3.0
jay,lightyear-2022,,2.5
jay,blood-in-the-water-2022,,1.0
jay,hustle-2022,,3.0
jay,fire-island-2022,,3.0
jay,close-2022,,3.5
jay,elvis-2022,,4.0
jay,decision-to-leave,,3.5
jay,jurassic-world-dominion,,1.5
jay,crimes-of-the-future-2022,,3.0
jay,sick-of-myself,,4.0
jay,holy-spider,,3.0
jay,aftersun,,4.5
jay,triangle-of-sadness,,2.5
jay,enys-men,,4.0
jay,the-stranger-2022,,3.5
jay,chip-n-dale-rescue-rangers,,3.0
jay,men-2022,,2.5
jay,jackass-45,,3.5
jay,eo,,4.0
jay,senior-year-2022,,2.0
jay,top-gun-maverick,,4.0
jay,doctor-strange-in-the-multiverse-of-madness,,2.5
jay,doctor-who-legend-of-the-sea-devils,,1.0
jay,sonic-the-hedgehog-2,,2.5
jay,gateways-grind,,3.5
jay,rrr,,4.0
jay,morbius,,0.5
jay,deep-water-2022,,2.5
jay,bodies-bodies-bodies,,3.0
jay,x-2022,,3.0
jay,the-unbearable-weight-of-massive-talent,,2.0
jay,everything-everywhere-all-at-once,,3.0
jay,windfall,,2.0
jay,the-adam-project,,2.0
jay,turning-red,,3.0
jay,texas-chainsaw-massacre,,1.5
jay,tall-girl-2,,1.0
jay,death-on-the-nile-2022,,2.0
jay,the-tinder-swindler,,3.0
jay,marry-me-2022,,3.0
jay,jackass-forever,,4.0
jay,emily-the-criminal,,3.5
jay,am-i-ok,,1.5
jay,cha-cha-real-smooth,,3.5
jay,alice-2022,,2.0
jay,sharp-stick,,2.5
jay,living-2022,,3.5
jay,fire-of-love-2022,,3.5
jay,fresh-2022,,3.0
jay,the-princess-2022,,2.5
jay,scream-2022,,3.0
jay,death-to-2021,,0.5
jay,the-matrix-resurrections,,4.0
jay,spider-man-no-way-home,,3.0
jay,dont-look-up-2021,,2.0
jay,nightmare-alley-2021,,3.5
jay,west-side-story-2021,,3.5
jay,licorice-pizza,,4.0
jay,tick-tick-boom-2021,,3.0
jay,house-of-gucci,,2.0
jay,millie-lies-low,,3.5
jay,love-hard,,2.0
jay,eternals,,2.5
jay,encanto,,2.5
jay,the-harder-they-fall-2021,,3.5
jay,diana-the-musical,,1.5
jay,no-time-to-die-2021,,3.0
jay,the-black-phone,,3.0
jay,the-tragedy-of-macbeth,,3.5
jay,venom-let-there-be-carnage,,2.5
jay,the-humans,,3.5
jay,the-last-duel-2021,,3.5
jay,the-guilty-2021,,2.5
jay,halloween-kills,,2.0
jay,official-competition,,4.0
jay,last-night-in-soho,,2.0
jay,marcel-the-shell-with-shoes-on-2021,,4.0
jay,the-lost-daughter-2021,,3.5
jay,spencer-2021,,4.5
jay,cinderella-2021,,0.5
jay,dune-2021,,4.0
jay,king-richard,,2.5
jay,cmon-cmon,,4.0
jay,the-power-of-the-dog,,4.0
jay,malignant-2021,,4.0
jay,hes-all-that,,0.5
jay,ghostbusters-afterlife,,1.5
jay,candyman-2021,,3.0
jay,shang-chi-and-the-legend-of-the-ten-rings,,3.0
jay,the-kissing-booth-3,,0.5
jay,she-will,,2.5
jay,free-guy,,2.0
jay,the-suicide-squad,,3.0
jay,old-2021,,1.5
jay,red-rocket-2021,,4.0
jay,fear-street-1666,,2.5
jay,lamb-2021,,3.0
jay,titane,,4.5
jay,pig-2021,,3.5
jay,bergman-island-2021,,3.5
jay,the-french-dispatch-of-the-liberty-kansas,,3.5
jay,drive-my-car,,4.0
jay,benedetta,,4.0
jay,after-yang,,4.0
jay,the-worst-person-in-the-world,,4.5
jay,cow-2021,,3.5
jay,the-souvenir-part-ii,,2.5
jay,fear-street-1978,,3.5
jay,the-velvet-underground-2021,,3.5
jay,space-jam-a-new-legacy,,1.0
jay,boiling-point-2021,,4.0
jay,escape-room-tournament-of-champions,,2.0
jay,black-widow-2021,,2.5
jay,fear-street-1994,,3.5
jay,no-sudden-move,,3.0
jay,luca-2021,,3.0
jay,in-the-heights,,2.0
jay,the-conjuring-the-devil-made-me-do-it,,2.5
jay,cruella,,3.0
jay,the-woman-in-the-window-2021,,2.0
jay,oxygen-2021,,3.5
jay,spiral-from-the-book-of-saw,,2.5
jay,wrath-of-man,,3.0
jay,army-of-the-dead-2021,,2.5
jay,bad-trip-2021,,2.5
jay,godzilla-vs-kong,,2.5
jay,charli-xcx-alone-together,,3.0
jay,nobody-2021,,3.5
jay,zack-snyders-justice-league,,2.5
jay,the-feast-2021,,2.5
jay,yes-day,,2.0
jay,barb-star-go-to-vista-del-mar,,3.5
jay,passing-2021,,3.0
jay,pleasure-2021,,4.0
jay,a-glitch-in-the-matrix-2021,,2.5
jay,coda-2021,,2.5
jay,malcolm-marie,,2.5
jay,censor-2021,,3.5
jay,wrong-turn-2021,,2.5
jay,the-dig-2021,,3.0
jay,death-to-2020,,1.5
jay,wonder-woman-1984,,1.5
jay,the-midnight-sky,,2.0
jay,the-prom-2020,,2.0
jay,lovers-rock-2020,,4.0
jay,ma-raineys-black-bottom,,3.5
jay,happiest-season,,3.0
jay,mank,,3.5
jay,hillbilly-elegy,,1.0
jay,borat-subsequent-moviefilm-delivery-of-prodigious,,3.5
jay,roald-dahls-the-witches,,2.0
jay,soul-2020,,4.0
jay,run-2020,,3.0
jay,hubie-halloween,,1.5
jay,red-white-and-blue-2020,,3.5
jay,david-attenborough-a-life-on-our-planet,,3.0
jay,the-trial-of-the-chicago-7,,3.0
jay,enola-holmes,,3.0
jay,on-the-rocks-2020,,2.5
jay,i-care-a-lot,,2.5
jay,after-love-2020,,4.0
jay,nomadland,,3.5
jay,ammonite,,2.5
jay,the-devil-all-the-time,,2.5
jay,mainstream-2020,,2.5
jay,pieces-of-a-woman,,3.0
jay,antebellum,,1.5
jay,im-thinking-of-ending-things,,4.0
jay,class-action-park,,3.5
jay,tenet,,3.0
jay,pvt-chat,,3.0
jay,shithouse,,3.5
jay,an-american-pickle,,3.0
jay,the-kissing-booth-2,,0.5
jay,follow-me-2020,,1.0
jay,eurovision-song-contest-the-story-of-fire-saga,,1.5
jay,da-5-bloods,,3.5
jay,freeze-2020,,3.5
jay,capone-2020,,2.5
jay,tigertail,,3.0
jay,shiva-baby-2020,,4.5
jay,the-hunt-2020,,1.0
jay,the-invisible-man-2020,,3.5
jay,brahms-the-boy-ii,,1.5
jay,emma-2020,,3.5
jay,the-father-2020,,4.0
jay,some-kind-of-heaven,,4.0
jay,surge-2020,,3.5
jay,palm-springs-2020,,3.5
jay,promising-young-woman,,2.5
jay,possessor,,4.0
jay,sonic-the-hedgehog,,2.5
jay,spree-2020,,3.0
jay,miss-americana,,3.5
jay,cats-2019,,1.5
jay,star-wars-the-rise-of-skywalker,,2.0
jay,little-women-2019,,4.0
jay,last-christmas-2019,,2.0
jay,let-it-snow-2019,,2.0
jay,klaus,,3.5
jay,doctor-sleep,,3.5
jay,el-camino-a-breaking-bad-movie,,3.5
jay,zombieland-double-tap,,2.0
jay,the-irishman-2019,,4.0
jay,tall-girl,,0.5
jay,guns-akimbo,,1.5
jay,saint-maud,,4.0
jay,bad-education-2019,,3.5
jay,two-of-us-2019,,3.5
jay,color-out-of-space,,3.5
jay,knives-out-2019,,4.0
jay,a-beautiful-day-in-the-neighborhood,,3.0
jay,the-platform,,3.5
jay,hustlers-2019,,3.5
jay,the-personal-history-of-david-copperfield,,3.5
jay,babyteeth,,4.0
jay,the-king-2019,,3.0
jay,the-laundromat-2019,,1.5
jay,the-two-popes,,2.0
jay,first-cow,,4.0
jay,waves-2019,,2.5
jay,ford-v-ferrari,,3.0
jay,uncut-gems,,5.0
jay,marriage-story-2019,,5.0
jay,ad-astra-2019,,3.0
jay,it-chapter-two,,1.5
jay,ready-or-not-2019,,3.5
jay,bad-assistant,,3.5
jay,fast-furious-presents-hobbs-shaw,,3.0
jay,daughter-2019,,3.0
jay,the-fabric-of-you,,3.0
jay,anima-2019,,3.5
jay,spider-man-far-from-home,,3.0
jay,childs-play-2019,,2.5
jay,midsommar,,4.0
jay,sequin-in-a-blue-room,,3.5
jay,jonas-brothers-chasing-happiness,,2.5
jay,always-be-my-maybe-2019,,3.0
jay,ma-2019,,2.0
jay,murder-mystery,,1.0
jay,matthias-maxime,,4.0
jay,parasite-2019,,5.0
jay,once-upon-a-time-in-hollywood,,2.5
jay,portrait-of-a-lady-on-fire,,4.0
jay,the-lighthouse-2019,,5.0
jay,rocketman-2019,,3.0
jay,john-wick-chapter-3-parabellum,,3.5
jay,wine-country,,2.0
jay,yesterday-2019,,2.0
jay,tolkien-2019,,2.0
jay,pokemon-detective-pikachu,,3.0
jay,the-kill-team-2019,,2.5
jay,avengers-endgame,,2.5
jay,homecoming-a-film-by-beyonce,,4.0
jay,the-perfect-date-2019,,2.0
jay,after-2019,,1.0
jay,hellboy-2019,,1.0
jay,the-silence-2019,,1.5
jay,five-feet-apart,,2.0
jay,dumbo-2019,,2.5
jay,booksmart,,3.0
jay,the-peanut-butter-falcon,,3.0
jay,long-shot-2019,,3.5
jay,us-2019,,3.0
jay,triple-frontier,,3.0
jay,happy-death-day-2u,,3.0
jay,isnt-it-romantic-2019,,2.0
jay,alita-battle-angel,,2.5
jay,the-souvenir,,2.0
jay,velvet-buzzsaw,,2.0
jay,wounds,,1.0
jay,the-last-black-man-in-san-francisco,,4.0
jay,extremely-wicked-shockingly-evil-and-vile,,2.5
jay,the-hole-in-the-ground-2019,,3.0
jay,the-lodge-2019,,3.5
jay,honey-boy,,4.0
jay,polar-2019,,1.0
jay,serenity-2019,,1.0
jay,fyre-2019,,3.0
jay,glass-2019,,2.5
jay,escape-room-2019,,2.5
jay,holmes-watson,,0.5
jay,welcome-to-marwen,,1.5
jay,vice-2018,,2.5
jay,dumplin,,3.5
jay,spider-man-into-the-spider-verse,,4.0
jay,aquaman-2018,,2.0
jay,mary-queen-of-scots-2018,,2.0
jay,dragon-ball-super-broly,,3.5
jay,creed-ii,,3.5
jay,bird-box,,3.0
jay,the-grinch,,2.0
jay,the-nutcracker-and-the-four-realms,,1.5
jay,the-princess-switch,,1.0
jay,bohemian-rhapsody,,1.5
jay,venom-2018,,2.0
jay,bad-times-at-the-el-royale,,3.5
jay,apostle-2018,,3.5
jay,johnny-english-strikes-again,,2.0
jay,hold-the-dark,,3.0
jay,green-book,,2.5
jay,the-death-life-of-john-f-donovan,,2.5
jay,slice-2018,,1.5
jay,if-beale-street-could-talk,,4.0
jay,widows-2018,,4.0
jay,life-itself-2018,,1.0
jay,halloween-2018,,3.0
jay,sierra-burgess-is-a-loser,,2.0
jay,the-predator,,2.0
jay,vox-lux,,4.0
jay,at-eternitys-gate,,3.5
jay,suspiria-2018,,4.0
jay,the-quake,,2.5
jay,a-star-is-born-2018,,3.5
jay,the-front-runner,,2.0
jay,the-ballad-of-buster-scruggs,,3.5
jay,roma-2018,,4.5
jay,the-favourite,,5.0
jay,first-man,,3.5
jay,skin-2018-1,,0.5
jay,to-all-the-boys-ive-loved-before,,3.0
jay,the-package-2018,,1.5
jay,billionaire-boys-club-2018,,1.5
jay,mission-impossible-fallout,,4.5
jay,mamma-mia-here-we-go-again,,3.5
jay,tau-2018,,2.5
jay,sicario-day-of-the-soldado,,2.0
jay,jurassic-world-fallen-kingdom,,2.5
jay,oceans-eight,,3.0
jay,tag-2018,,2.0
jay,slender-man,,0.5
jay,under-the-silver-lake,,2.5
jay,blackkklansman,,4.0
jay,climax-2018,,4.5
jay,fahrenheit-451-2018,,2.0
jay,the-kissing-booth,,0.5
jay,anon,,1.5
jay,avengers-infinity-war,,3.0
jay,truth-or-dare-2018,,1.0
jay,the-guernsey-literary-potato-peel-pie-society,,2.5
jay,ideal-home,,3.0
jay,shiva-baby,,3.0
jay,ready-player-one,,3.0
jay,unfriended-dark-web,,2.5
jay,a-quiet-place-2018,,3.0
jay,the-strangers-prey-at-night,,2.5
jay,a-wrinkle-in-time-2018,,2.0
jay,mute-2018,,1.0
jay,unsane,,3.5
jay,irreplaceable-you,,2.5
jay,game-night,,3.5
jay,isle-of-dogs-2018,,4.0
jay,hellraiser-judgment,,1.0
jay,annihilation,,3.5
jay,when-we-first-met,,1.5
jay,the-1517-to-paris,,1.0
jay,the-cloverfield-paradox,,2.5
jay,black-panther,,2.5
jay,tully-2018,,3.5
jay,skate-kitchen,,3.5
jay,hereditary,,4.5
jay,sorry-to-bother-you,,3.5
jay,wildlife-2018,,3.5
jay,eighth-grade,,4.0
jay,juliet-naked,,3.0
jay,the-open-house,,1.0
jay,fauve,,3.5
jay,searching-2018,,3.0
jay,maze-runner-the-death-cure,,3.0
jay,insidious-the-last-key,,2.5
jay,bright,,1.5
jay,phantom-thread,,4.5
jay,star-wars-the-last-jedi,,3.0
jay,the-greatest-showman,,1.5
jay,wonder-2017,,3.0
jay,marguerite-2017,,3.5
jay,paddington-2,,4.0
jay,murder-on-the-orient-express-2017,,2.5
jay,justice-league,,2.0
jay,jigsaw-2017,,2.0
jay,coco-2017,,4.0
jay,the-man-who-invented-christmas,,2.5
jay,happy-death-day,,2.0
jay,blade-runner-2049,,4.0
jay,thor-ragnarok,,3.0
jay,spf-18,,0.5
jay,kingsman-the-golden-circle,,2.5
jay,unicorn-store,,3.0
jay,revenge-2017,,3.5
jay,mom-and-dad-2017,,1.5
jay,the-death-of-stalin,,3.5
jay,9-11-2017,,0.5
jay,mother-2017,,3.5
jay,it-2017,,3.0
jay,three-billboards-outside-ebbing-missouri,,3.5
jay,victoria-abdul,,2.0
jay,lean-on-pete,,3.5
jay,lady-bird,,4.0
jay,darkest-hour,,3.0
jay,first-reformed,,4.0
jay,the-shape-of-water,,4.0
jay,leatherface,,1.5
jay,the-snowman-2017,,1.0
jay,death-note-2017,,0.5
jay,victor-crowley,,1.5
jay,the-silent-child,,3.0
jay,logan-lucky,,4.0
jay,the-dark-tower,,2.0
jay,dunkirk-2017,,3.0
jay,tour-de-pharmacy,,4.0
jay,spider-man-homecoming,,3.0
jay,escape-room-2017,,1.0
jay,annabelle-creation,,1.5
jay,transformers-the-last-knight,,1.0
jay,the-book-of-henry,,1.0
jay,you-were-never-really-here,,4.5
jay,good-time,,4.0
jay,the-beguiled-2017,,3.0
jay,pirates-of-the-caribbean-dead-men-tell-no-tales,,1.0
jay,the-killing-of-a-sacred-deer,,4.0
jay,the-mummy-2017,,1.5
jay,how-to-talk-to-girls-at-parties,,2.5
jay,okja,,3.5
jay,baywatch,,1.0
jay,alien-covenant,,3.0
jay,the-circle-2017,,1.5
jay,guardians-of-the-galaxy-vol-2,,2.5
jay,the-fate-of-the-furious,,2.0
jay,gifted-2017,,2.5
jay,power-rangers,,2.0
jay,life-2017,,2.5
jay,mayhem-2017,,3.0
jay,the-boss-baby,,1.5
jay,the-disaster-artist,,3.5
jay,atomic-blonde,,3.5
jay,baby-driver,,3.0
jay,song-to-song,,1.5
jay,amy-schumer-the-leather-special,,0.5
jay,beauty-and-the-beast-2017,,2.0
jay,logan-2017,,4.0
jay,the-lego-batman-movie,,3.0
jay,rings-2017,,0.5
jay,john-wick-chapter-2,,3.5
jay,the-robbery,,3.0
jay,78-52,,3.5
jay,marjorie-prime,,2.5
jay,get-out-2017,,4.0
jay,call-me-by-your-name,,4.0
jay,t2-trainspotting,,2.5
jay,a-ghost-story-2017,,4.0
jay,the-big-sick,,3.5
jay,ingrid-goes-west,,3.5
jay,the-bye-bye-man,,0.5
jay,eloise-2016,,1.0
jay,assassins-creed,,1.5
jay,rogue-one-a-star-wars-story,,2.5
jay,silence,,3.0
jay,fantastic-beasts-and-where-to-find-them,,2.5
jay,terrifier-2016,,1.5
jay,moana-2016,,3.0
jay,split-2016,,2.0
jay,the-void-2016,,2.5
jay,the-promise-2016-1,,2.0
jay,lion,,3.5
jay,free-fire,,3.0
jay,the-bad-batch,,2.5
jay,bridget-joness-baby,,2.5
jay,nocturnal-animals,,3.0
jay,moonlight-2016,,4.5
jay,arrival-2016,,4.0
jay,la-la-land,,3.5
jay,suicide-squad-2016,,0.5
jay,blair-witch,,1.5
jay,ghostbusters-2016,,1.5
jay,nerve-2016,,1.5
jay,popstar-never-stop-never-stopping,,4.0
jay,the-neon-demon,,1.5
jay,hell-or-high-water,,3.0
jay,raw-2016,,4.0
jay,the-conjuring-2,,3.0
jay,the-nice-guys,,4.0
jay,x-men-apocalypse,,2.5
jay,captain-america-civil-war,,2.5
jay,criminal-2016,,2.0
jay,the-belko-experiment,,2.0
jay,sausage-party,,0.5
jay,batman-v-superman-dawn-of-justice,,1.5
jay,10-cloverfield-lane,,3.5
jay,deadpool,,2.5
jay,zootopia,,2.5
jay,cabin-fever-2016,,1.0
jay,manchester-by-the-sea,,4.0
jay,31-2016,,1.5
jay,hunt-for-the-wilderpeople,,3.5
jay,pride-and-prejudice-and-zombies,,2.0
jay,dirty-grandpa,,1.5
jay,friend-request,,1.0
jay,the-revenant-2015,,4.0
jay,star-wars-the-force-awakens,,3.0
jay,eddie-the-eagle,,3.5
jay,the-hateful-eight,,4.0
jay,krampus,,4.0
jay,the-big-short,,2.5
jay,the-hunger-games-mockingjay-part-2,,2.0
jay,martyrs-2015,,0.5
jay,bone-tomahawk,,3.5
jay,i-spit-on-your-grave-iii-vengeance-is-mine,,1.5
jay,pan-2015,,1.5
jay,the-dressmaker-2015,,2.5
jay,the-lady-in-the-van,,2.5
jay,baskin-2015,,2.5
jay,the-martian,,3.5
jay,the-visit-2015,,1.5
jay,steve-jobs,,3.5
jay,the-man-from-uncle,,3.5
jay,straight-outta-compton,,3.5
jay,mission-impossible-rogue-nation,,3.5
jay,pixels-2015,,1.0
jay,the-boy-and-the-beast,,3.0
jay,turbo-kid,,3.5
jay,deathgasm,,2.0
jay,ant-man,,2.5
jay,magic-mike-xxl,,4.0
jay,circle-2015,,3.0
jay,kung-fury,,2.0
jay,the-human-centipede-3-final-sequence,,0.5
jay,sicario-2015,,4.0
jay,louder-than-bombs,,3.0
jay,inside-out-2015,,3.0
jay,carol-2015,,4.5
jay,green-room,,4.0
jay,the-lobster,,4.0
jay,mad-max-fury-road,,5.0
jay,avengers-age-of-ultron,,2.0
jay,trainwreck,,0.5
jay,tangerine,,3.5
jay,knock-knock-2015,,1.0
jay,the-witch-2015,,4.5
jay,ex-machina-2015,,4.5
jay,paddington,,3.5
jay,clown,,2.5
jay,the-hunger-games-mockingjay-part-1,,2.0
jay,interstellar,,4.5
jay,big-hero-6,,3.0
jay,as-the-gods-will,,3.5
jay,gone-girl,,4.0
jay,john-wick,,3.5
jay,tusk-2014,,1.5
jay,nightcrawler,,4.0
jay,nymphomaniac,,2.0
jay,birdman-or-the-unexpected-virtue-of-ignorance,,5.0
jay,wrong-turn-6-last-resort,,0.5
jay,the-inbetweeners-2,,1.5
jay,sharknado-2-the-second-one,,0.5
jay,guardians-of-the-galaxy,,3.0
jay,lucy-2014,,1.0
jay,the-purge-anarchy,,2.5
jay,unfriended,,0.5
jay,22-jump-street,,3.0
jay,edge-of-tomorrow,,2.5
jay,foxcatcher,,3.0
jay,it-follows,,4.0
jay,the-fault-in-our-stars,,2.0
jay,x-men-days-of-future-past,,3.5
jay,the-amazing-spider-man-2,,2.0
jay,gods-not-dead,,0.5
jay,divergent,,1.5
jay,captain-america-the-winter-soldier,,3.5
jay,creep-2014,,3.0
jay,chef,,3.5
jay,13-sins,,2.5
jay,dead-snow-2-red-vs-dead,,2.5
jay,the-grand-budapest-hotel,,4.5
jay,robocop-2014,,1.0
jay,what-we-do-in-the-shadows,,4.0
jay,boyhood,,2.0
jay,the-babadook,,3.5
jay,whiplash-2014,,5.0
jay,nymphomaniac-volume-i,,1.5
jay,the-wolf-of-wall-street,,4.0
jay,the-hobbit-the-desolation-of-smaug,,3.5
jay,the-hunger-games-catching-fire,,3.5
jay,oldboy-2013,,1.0
jay,thor-the-dark-world,,2.0
jay,the-phone-call,,3.5
jay,her,,4.0
jay,machete-kills,,1.5
jay,r100,,3.5
jay,enemy,,4.0
jay,the-green-inferno,,2.0
jay,oculus,,3.5
jay,wolf-creek-2,,2.0
jay,prisoners,,4.0
jay,under-the-skin-2013,,4.0
jay,gravity-2013,,3.0
jay,snowpiercer,,3.5
jay,the-wolverine,,2.5
jay,the-wind-rises,,4.0
jay,pacific-rim,,3.0
jay,the-worlds-end,,3.5
jay,about-time,,3.5
jay,world-war-z,,2.0
jay,man-of-steel,,2.0
jay,the-conjuring,,2.5
jay,this-is-the-end,,3.0
jay,the-purge,,2.0
jay,after-earth,,1.0
jay,inside-llewyn-davis,,4.0
jay,the-bling-ring,,3.5
jay,star-trek-into-darkness,,2.0
jay,the-great-gatsby-2013,,3.0
jay,iron-man-3,,2.5
jay,oblivion-2013,,2.0
jay,the-host-2013,,1.5
jay,cheap-thrills,,2.5
jay,evil-dead,,4.0
jay,oz-the-great-and-powerful,,2.0
jay,movie-43,,0.5
jay,stoker,,3.5
jay,mama-2013,,1.5
jay,texas-chainsaw-3d,,1.0
jay,zero-dark-thirty,,3.0
jay,django-unchained,,5.0
jay,the-hobbit-an-unexpected-journey,,2.5
jay,the-twilight-saga-breaking-dawn-part-2,,1.5
jay,skyfall,,3.5
jay,wrong-turn-5-bloodlines,,1.0
jay,paranormal-activity-4,,0.5
jay,would-you-rather,,2.0
jay,lincoln,,3.0
jay,the-collection,,2.5
jay,scary-or-die,,0.5
jay,the-place-beyond-the-pines,,3.5
jay,seven-psychopaths,,2.0
jay,dredd,,3.5
jay,spring-breakers,,2.5
jay,frances-ha,,4.0
jay,american-mary,,3.5
jay,chained-2012,,2.5
jay,the-dark-knight-rises,,3.0
jay,magic-mike,,2.5
jay,the-amazing-spider-man,,2.5
jay,rock-of-ages,,2.5
jay,moonrise-kingdom,,3.5
jay,the-avengers-2012,,3.0
jay,21-jump-street,,3.5
jay,the-hunger-games,,3.0
jay,rec-genesis,,2.0
jay,this-means-war,,2.0
jay,man-on-a-ledge,,2.0
jay,the-girl-with-the-dragon-tattoo-2011,,4.0
jay,the-cabin-in-the-woods,,3.0
jay,mission-impossible-ghost-protocol,,4.0
jay,hostel-part-iii,,0.5
jay,the-twilight-saga-breaking-dawn-part-1,,1.0
jay,puss-in-boots,,2.0
jay,in-time,,2.0
jay,wrong-turn-4-bloody-beginnings,,1.0
jay,the-thing-2011,,2.5
jay,moneyball,,3.5
jay,johnny-english-reborn,,2.0
jay,youre-next,,3.5
jay,the-raid-2011,,4.0
jay,tinker-tailor-soldier-spy,,2.0
jay,vile,,1.5
jay,the-human-centipede-2-full-sequence,,0.5
jay,the-help,,2.5
jay,final-destination-5,,2.5
jay,captain-america-the-first-avenger,,2.5
jay,crazy-stupid-love,,3.5
jay,x-men-first-class,,3.0
jay,drive-2011,,4.0
jay,the-skin-i-live-in,,3.5
jay,we-need-to-talk-about-kevin,,4.5
jay,hobo-with-a-shotgun,,3.0
jay,thor,,2.0
jay,scream-4,,3.5
jay,hanna,,3.0
jay,rio-2011,,2.5
jay,bridesmaids,,3.5
jay,the-divide,,2.5
jay,limitless,,3.0
jay,justin-bieber-never-say-never,,1.0
jay,the-strange-thing-about-the-johnsons,,3.0
jay,saw-3d,,1.5
jay,paranormal-activity-2,,2.0
jay,jackass-3d,,2.5
jay,the-social-network,,5.0
jay,insidious,,3.0
jay,easy-a,,3.0
jay,127-hours,,3.0
jay,black-swan,,4.0
jay,hatchet-ii,,2.0
jay,cats-dogs-the-revenge-of-kitty-galore,,0.5
jay,scott-pilgrim-vs-the-world,,4.0
jay,inception,,4.0
jay,the-last-airbender,,0.5
jay,the-karate-kid-2010,,2.0
jay,despicable-me,,2.5
jay,sex-and-the-city-2,,1.0
jay,prince-of-persia-the-sands-of-time,,0.5
jay,iron-man-2,,2.5
jay,2001-maniacs-field-of-screams,,0.5
jay,alice-in-wonderland-2010,,1.5
jay,birdemic-shock-and-terror,,0.5
jay,the-crazies-2010,,1.5
jay,buried,,2.5
jay,four-lions,,4.0
jay,tucker-and-dale-vs-evil,,3.5
jay,tooth-fairy-2010,,1.0
jay,avatar,,3.0
jay,the-twilight-saga-new-moon,,1.5
jay,a-christmas-carol-2009,,2.5
jay,saw-vi,,3.5
jay,the-descent-part-2,,2.0
jay,fantastic-mr-fox,,5.0
jay,jennifers-body,,3.5
jay,sorority-row,,2.0
jay,halloween-ii,,2.0
jay,summer-wars,,3.0
jay,the-collector-2009,,2.0
jay,harry-potter-and-the-half-blood-prince,,3.0
jay,exam,,1.5
jay,the-proposal-2009,,2.0
jay,the-final-destination,,1.5
jay,inglourious-basterds,,4.5
jay,dogtooth,,4.0
jay,antichrist,,3.5
jay,fish-tank,,4.0
jay,terminator-salvation,,1.5
jay,thirst-2009,,3.5
jay,x-men-origins-wolverine,,1.0
jay,hannah-montana-the-movie,,3.0
jay,i-love-you-man,,2.5
jay,monsters-vs-aliens,,2.0
jay,drag-me-to-hell,,3.0
jay,the-last-house-on-the-left-2009,,1.5
jay,17-again,,2.5
jay,friday-the-13th-2009,,2.0
jay,the-uninvited-2009,,2.0
jay,moon,,4.0
jay,in-the-loop,,4.0
jay,the-killing-room,,1.5
jay,the-curious-case-of-benjamin-button,,3.0
jay,twilight-2008,,2.0
jay,splinter-2008,,1.0
jay,vacancy-2-the-first-cut,,1.0
jay,saw-v,,1.5
jay,bronson,,4.0
jay,high-school-musical-3-senior-year,,3.0
jay,quarantine,,1.5
jay,wild-child,,3.0
jay,step-brothers,,2.5
jay,angus-thongs-and-perfect-snogging,,2.0
jay,the-dark-knight,,4.5
jay,mamma-mia,,3.0
jay,camp-rock,,2.0
jay,the-incredible-hulk,,2.5
jay,the-happening,,1.0
jay,the-strangers,,1.0
jay,martyrs,,5.0
jay,sex-and-the-city,,2.5
jay,iron-man-2008,,3.5
jay,the-ruins,,2.0
jay,let-the-right-one-in,,5.0
jay,in-bruges,,3.5
jay,cloverfield,,2.0
jay,sweeney-todd-the-demon-barber-of-fleet-street-2007,,3.5
jay,enchanted,,3.0
jay,the-mist,,4.0
jay,fred-claus,,2.5
jay,saw-iv,,2.0
jay,funny-games-2007,,3.5
jay,american-gangster,,4.0
jay,fermats-room,,3.0
jay,there-will-be-blood,,5.0
jay,paranormal-activity,,1.0
jay,eastern-promises,,3.5
jay,the-darjeeling-limited,,4.0
jay,juno,,3.5
jay,halloween,,2.5
jay,rec,,3.5
jay,wrong-turn-2-dead-end,,3.0
jay,high-school-musical-2,,4.0
jay,superbad,,3.0
jay,hot-rod,,3.5
jay,hairspray-2007,,3.5
jay,ratatouille,,4.0
jay,fantastic-four-rise-of-the-silver-surfer,,1.0
jay,hostel-part-ii,,2.0
jay,oceans-thirteen,,3.0
jay,inside-2007,,3.5
jay,death-proof,,3.5
jay,no-country-for-old-men,,3.5
jay,pirates-of-the-caribbean-at-worlds-end,,2.0
jay,wz,,1.5
jay,shrek-the-third,,3.0
jay,28-weeks-later,,3.0
jay,sunshine-2007,,3.5
jay,mr-beans-holiday,,2.5
jay,dead-silence,,1.5
jay,zodiac,,3.5
jay,atonement,,3.5
jay,hot-fuzz,,4.0
jay,smiley-face,,4.0
jay,the-hitcher-2007,,1.5
jay,jump-in,,1.0
jay,night-at-the-museum,,3.0
jay,the-holiday,,4.0
jay,deck-the-halls,,2.0
jay,casino-royale-2006,,4.0
jay,saw-iii,,2.5
jay,flushed-away,,3.5
jay,the-prestige,,4.0
jay,the-departed,,4.0
jay,jackass-number-two,,3.0
jay,inland-empire,,5.0
jay,children-of-men,,4.5
jay,the-wicker-man-2006,,2.0
jay,borat-cultural-learnings-of-america-for-make-benefit-glorious-nation-of-kazakhstan,,3.5
jay,miami-vice,,3.0
jay,the-devil-wears-prada,,4.0
jay,the-fast-and-the-furious-tokyo-drift,,2.5
jay,marie-antoinette-2006,,3.5
jay,x-men-the-last-stand,,1.0
jay,the-host,,3.5
jay,southland-tales,,4.0
jay,mission-impossible-iii,,2.5
jay,over-the-hedge,,2.0
jay,shes-the-man,,3.0
jay,the-hills-have-eyes-2006,,2.0
jay,final-destination-3,,2.5
jay,little-miss-sunshine,,4.0
jay,high-school-musical,,3.0
jay,the-family-stone,,3.5
jay,the-chronicles-of-narnia-the-lion-the-witch-and-the-wardrobe,,2.0
jay,memoirs-of-a-geisha,,3.5
jay,saw-ii,,3.0
jay,hostel,,2.5
jay,pride-prejudice,,4.0
jay,hellraiser-hellworld,,1.0
jay,wallace-gromit-the-curse-of-the-were-rabbit,,2.5
jay,capote,,3.0
jay,brokeback-mountain,,4.0
jay,kinky-boots,,3.0
jay,lenny-the-wonder-dog,,0.5
jay,the-devils-rejects,,4.0
jay,charlie-and-the-chocolate-factory,,3.0
jay,the-adventures-of-sharkboy-and-lavagirl,,1.5
jay,batman-begins,,3.0
jay,a-history-of-violence,,3.0
jay,star-wars-episode-iii-revenge-of-the-sith,,2.0
jay,house-of-wax-2005,,2.0
jay,the-descent,,4.0
jay,grizzly-man,,3.5
jay,wolf-creek,,1.5
jay,oceans-twelve,,3.0
jay,the-spongebob-squarepants-movie,,4.0
jay,the-polar-express,,2.0
jay,layer-cake,,3.5
jay,hotel-rwanda,,3.5
jay,shark-tale,,2.5
jay,birth-2004,,4.0
jay,mysterious-skin,,4.5
jay,avp-alien-vs-predator,,3.0
jay,the-princess-diaries-2-royal-engagement,,2.5
jay,collateral,,4.5
jay,catwoman,,1.0
jay,a-cinderella-story,,1.5
jay,spider-man-2,,4.5
jay,white-chicks,,3.0
jay,calvaire,,3.5
jay,shrek-2,,3.5
jay,the-football-factory,,2.5
jay,shaun-of-the-dead,,4.0
jay,scooby-doo-2-monsters-unleashed,,1.5
jay,dawn-of-the-dead-2004,,2.5
jay,eternal-sunshine-of-the-spotless-mind,,4.0
jay,starsky-hutch,,3.0
jay,saw,,4.5
jay,the-lord-of-the-rings-the-return-of-the-king,,5.0
jay,oldboy,,5.0
jay,the-cat-in-the-hat-2003,,1.0
jay,elf,,2.5
jay,love-actually,,2.0
jay,lost-in-translation,,3.0
jay,freddy-vs-jason,,3.0
jay,seabiscuit,,3.0
jay,legally-blonde-2-red-white-blonde,,2.5
jay,the-room,,1.0
jay,charlies-angels-full-throttle,,2.0
jay,wrong-turn,,2.0
jay,dogville,,4.0
jay,elephant-2003,,3.0
jay,memories-of-murder,,4.0
jay,x2,,2.5
jay,house-of-1000-corpses,,3.0
jay,daredevil,,1.5
jay,final-destination-2,,2.5
jay,the-lord-of-the-rings-the-two-towers,,4.0
jay,catch-me-if-you-can-2002,,4.0
jay,the-hours,,4.0
jay,chicago,,4.0
jay,gangs-of-new-york-2002,,3.5
jay,adaptation,,4.0
jay,jackass-the-movie,,3.0
jay,28-days-later,,4.0
jay,red-dragon,,3.0
jay,cabin-fever,,3.0
jay,swimfan,,3.0
jay,austin-powers-in-goldmember,,1.5
jay,the-cat-returns,,3.5
jay,morvern-callar,,4.0
jay,punch-drunk-love,,4.0
jay,city-of-god,,4.0
jay,star-wars-episode-ii-attack-of-the-clones,,1.5
jay,insomnia-2002,,3.0
jay,femme-fatale,,4.0
jay,spider-man,,4.0
jay,bend-it-like-beckham,,3.0
jay,secretary,,3.5
jay,the-lord-of-the-rings-the-fellowship-of-the-ring,,4.5
jay,oceans-eleven-2001,,4.0
jay,harry-potter-and-the-philosophers-stone,,3.0
jay,the-royal-tenenbaums,,4.0
jay,zoolander,,3.5
jay,ichi-the-killer,,4.0
jay,training-day,,3.0
jay,the-princess-diaries,,3.5
jay,the-others,,3.5
jay,jason-x,,0.5
jay,spirited-away,,4.5
jay,y-tu-mama-tambien,,4.5
jay,mulholland-drive,,4.5
jay,the-piano-teacher,,4.5
jay,moulin-rouge-2001,,4.0
jay,amelie,,3.5
jay,shrek,,3.5
jay,bridget-joness-diary,,3.0
jay,battle-royale,,4.5
jay,what-women-want,,1.0
jay,the-emperors-new-groove,,3.5
jay,how-the-grinch-stole-christmas-2000,,3.0
jay,charlies-angels,,2.5
jay,hellraiser-inferno,,2.0
jay,bamboozled,,4.0
jay,sexy-beast,,4.5
jay,almost-famous,,3.5
jay,best-in-show,,3.5
jay,memento,,4.0
jay,snatch,,3.5
jay,hollow-man,,3.0
jay,x-men,,2.5
jay,chicken-run,,4.0
jay,in-the-mood-for-love,,4.5
jay,crouching-tiger-hidden-dragon,,4.0
jay,mission-impossible-ii,,3.5
jay,cecil-b-demented,,4.0
jay,requiem-for-a-dream,,3.0
jay,gladiator-2000,,3.5
jay,final-destination,,3.5
jay,cut,,2.0
jay,barking-dogs-never-bite,,4.0
jay,scream-3,,2.5
jay,chuck-buck,,3.5
jay,american-psycho,,4.0
jay,magnolia,,4.0
jay,girl-interrupted,,3.5
jay,the-green-mile,,4.0
jay,bringing-out-the-dead,,3.0
jay,audition,,4.0
jay,but-im-a-cheerleader,,4.0
jay,fight-club,,3.5
jay,beau-travail,,4.0
jay,being-john-malkovich,,3.5
jay,deep-blue-sea,,2.5
jay,eyes-wide-shut,,4.5
jay,drop-dead-gorgeous,,4.0
jay,austin-powers-the-spy-who-shagged-me,,3.0
jay,the-straight-story,,4.0
jay,the-virgin-suicides,,3.5
jay,star-wars-episode-i-the-phantom-menace,,1.0
jay,the-limey,,4.0
jay,ratcatcher,,4.0
jay,election,,3.5
jay,10-things-i-hate-about-you,,3.5
jay,the-matrix,,5.0
jay,cruel-intentions,,4.0
jay,existenz,,3.5
jay,shes-all-that,,2.5
jay,youve-got-mail,,3.0
jay,bride-of-chucky,,3.0
jay,armageddon,,3.5
jay,the-truman-show,,4.0
jay,the-celebration,,4.5
jay,happiness,,4.0
jay,deep-impact,,3.0
jay,buffalo-66,,2.0
jay,the-big-lebowski,,3.5
jay,spice-world,,4.0
jay,scream-2,,3.5
jay,jackie-brown,,4.0
jay,good-will-hunting,,4.0
jay,starship-troopers,,4.5
jay,titanic-1997,,4.5
jay,the-devils-advocate,,2.5
jay,boogie-nights,,4.5
jay,cube,,3.0
jay,gummo,,4.5
jay,event-horizon,,2.5
jay,princess-mononoke,,4.0
jay,face-off,,5.0
jay,speed-2-cruise-control,,1.5
jay,batman-robin,,2.5
jay,con-air,,3.0
jay,funny-games,,4.0
jay,austin-powers-international-man-of-mystery,,3.5
jay,romy-and-micheles-high-school-reunion,,4.0
jay,lost-highway,,4.0
jay,scream,,4.0
jay,jerry-maguire,,3.0
jay,jingle-all-the-way,,3.0
jay,romeo-juliet-1996,,3.5
jay,bound,,4.0
jay,the-rock,,3.0
jay,mission-impossible,,3.5
jay,crash,,5.0
jay,secrets-lies,,4.5
jay,twister,,3.5
jay,the-craft,,3.0
jay,james-and-the-giant-peach,,3.0
jay,fargo,,3.5
jay,trainspotting,,4.0
jay,muppet-treasure-island,,3.0
jay,broken-arrow-1996,,3.5
jay,hard-eight,,3.5
jay,from-dusk-till-dawn,,3.5
jay,twelve-monkeys,,3.0
jay,heat-1995,,4.0
jay,casino,,4.0
jay,forgotten-silver,,3.5
jay,halloween-the-curse-of-michael-myers,,1.5
jay,empire-records,,3.5
jay,showgirls,,3.5
jay,se7en,,5.0
jay,fallen-angels,,4.5
jay,the-net,,2.5
jay,clueless,,4.0
jay,la-haine,,4.0
jay,to-die-for,,3.5
jay,billy-madison,,2.5
jay,the-doom-generation,,4.0
jay,the-usual-suspects,,2.0
jay,safe,,3.5
jay,before-sunrise,,4.5
jay,little-women-1994,,3.5
jay,the-santa-clause,,3.0
jay,interview-with-the-vampire,,3.5
jay,the-puppet-masters,,1.0
jay,the-shawshank-redemption,,4.0
jay,natural-born-killers,,3.5
jay,in-the-mouth-of-madness,,4.5
jay,the-mask-1994,,3.0
jay,chungking-express,,4.0
jay,true-lies,,3.0
jay,speed,,3.5
jay,pulp-fiction,,4.0
jay,the-adventures-of-priscilla-queen-of-the-desert,,4.0
jay,serial-mom,,4.0
jay,death-wish-v-the-face-of-death,,1.5
jay,mrs-doubtfire,,3.0
jay,carlitos-way,,4.5
jay,the-remains-of-the-day,,4.0
jay,the-nightmare-before-christmas,,4.0
jay,true-romance,,3.0
jay,the-age-of-innocence,,4.0
jay,hocus-pocus,,3.5
jay,sleepless-in-seattle,,2.5
jay,the-firm-1993,,2.5
jay,jurassic-park,,4.5
jay,dazed-and-confused,,4.0
jay,cliffhanger,,4.0
jay,the-piano,,3.5
jay,naked,,4.5
jay,hard-target,,3.5
jay,falling-down,,3.5
jay,groundhog-day,,3.0
jay,leprechaun,,2.5
jay,scent-of-a-woman,,3.0
jay,the-muppet-christmas-carol,,4.0
jay,a-few-good-men,,4.0
jay,malcolm-x-1992,,4.0
jay,home-alone-2-lost-in-new-york,,3.0
jay,army-of-darkness,,4.5
jay,candyman,,4.0
jay,death-becomes-her,,4.0
jay,braindead-1992,,4.5
jay,alien-3,,2.0
jay,bad-lieutenant,,3.5
jay,strictly-ballroom,,3.0
jay,hard-boiled,,4.5
jay,the-player,,3.5
jay,basic-instinct,,4.0
jay,reservoir-dogs,,4.0
jay,naked-lunch,,3.0
jay,samurai-cop,,1.5
jay,the-addams-family,,3.5
jay,cape-fear-1991,,3.5
jay,point-break,,4.0
jay,terminator-2-judgment-day,,5.0
jay,thelma-louise,,4.0
jay,boyz-n-the-hood,,4.0
jay,hearts-of-darkness-a-filmmakers-apocalypse,,4.0
jay,my-own-private-idaho,,4.0
jay,the-silence-of-the-lambs,,4.5
jay,kindergarten-cop,,2.0
jay,misery,,4.0
jay,predator-2,,2.5
jay,it-1990,,2.5
jay,home-alone,,4.0
jay,goodfellas,,4.5
jay,days-of-thunder,,3.0
jay,total-recall,,4.0
jay,king-of-new-york,,4.0
jay,wild-at-heart,,3.5
jay,central-park-1990,,4.0
jay,tremors,,3.5
jay,elves,,1.0
jay,the-cook-the-thief-his-wife-her-lover,,4.5
jay,uncle-buck,,3.0
jay,kikis-delivery-service,,4.0
jay,friday-the-13th-part-viii-jason-takes-manhattan,,1.5
jay,when-harry-met-sally,,5.0
jay,dead-poets-society,,4.0
jay,tetsuo-the-iron-man,,3.0
jay,do-the-right-thing,,4.0
jay,society,,3.5
jay,pet-sematary,,3.0
jay,heathers,,4.0
jay,sex-lies-and-videotape,,4.0
jay,rain-man,,3.0
jay,mississippi-burning,,3.0
jay,the-naked-gun-from-the-files-of-police-squad,,3.5
jay,scrooged,,3.5
jay,they-live,,4.0
jay,cinema-paradiso,,4.0
jay,the-lair-of-the-white-worm,,4.0
jay,hellbound-hellraiser-ii,,2.5
jay,dead-ringers,,4.0
jay,die-hard,,4.0
jay,akira,,3.5
jay,the-last-temptation-of-christ,,3.5
jay,killer-klowns-from-outer-space,,3.0
jay,my-neighbor-totoro,,4.0
jay,beetlejuice,,3.0
jay,hairspray,,4.0
jay,broadcast-news,,4.0
jay,bad-taste,,3.0
jay,moonstruck,,3.5
jay,prince-of-darkness,,3.0
jay,the-princess-bride,,4.0
jay,hellraiser,,3.5
jay,the-lost-boys,,4.0
jay,robocop,,4.0
jay,full-metal-jacket,,4.0
jay,death-wish-4-the-crackdown,,2.0
jay,the-untouchables,,3.5
jay,dirty-dancing,,4.0
jay,withnail-i,,4.5
jay,evil-dead-ii,,4.5
jay,from-beyond,,4.0
jay,the-color-of-money,,4.5
jay,blue-velvet,,4.5
jay,the-fly-1986,,4.0
jay,shes-gotta-have-it,,3.0
jay,stand-by-me,,3.5
jay,aliens,,5.0
jay,top-gun,,2.5
jay,clue,,4.0
jay,tampopo,,4.5
jay,to-live-and-die-in-la,,4.5
jay,a-nightmare-on-elm-street-part-2-freddys-revenge,,3.5
jay,death-wish-3,,2.5
jay,re-animator,,4.0
jay,commando,,2.5
jay,after-hours,,4.0
jay,legend,,3.0
jay,my-beautiful-laundrette,,4.0
jay,come-and-see,,4.5
jay,day-of-the-dead,,4.0
jay,return-to-oz,,3.5
jay,ran,,4.5
jay,the-stuff,,2.5
jay,silent-night-deadly-night,,4.0
jay,a-nightmare-on-elm-street,,4.0
jay,the-terminator,,4.0
jay,body-double,,4.0
jay,threads,,4.5
jay,gremlins,,4.0
jay,ghostbusters,,4.0
jay,paris-texas,,4.5
jay,stop-making-sense,,4.0
jay,razorback,,2.0
jay,this-is-spinal-tap,,3.5
jay,the-store,,4.0
jay,christine-1983,,3.5
jay,scarface-1983,,4.0
jay,the-dead-zone,,2.0
jay,risky-business,,2.0
jay,return-of-the-jedi,,3.5
jay,the-outsiders,,3.5
jay,videodrome,,4.0
jay,the-king-of-comedy,,4.0
jay,first-blood,,3.0
jay,blade-runner,,3.0
jay,the-thing,,5.0
jay,et-the-extra-terrestrial,,4.0
jay,poltergeist,,3.5
jay,death-wish-ii,,1.5
jay,mad-max-2,,4.0
jay,the-evil-dead,,4.0
jay,an-american-werewolf-in-london,,4.0
jay,blow-out,,4.5
jay,raiders-of-the-lost-ark,,4.5
jay,possession,,4.5
jay,friday-the-13th-part-2,,2.5
jay,escape-from-new-york,,3.5
jay,thief,,4.0
jay,the-howling,,3.0
jay,scanners,,3.0
jay,altered-states,,3.5
jay,raging-bull,,4.0
jay,the-elephant-man,,4.0
jay,dressed-to-kill-1980,,3.0
jay,prom-night,,2.5
jay,the-shining,,5.0
jay,the-empire-strikes-back,,5.0
jay,friday-the-13th,,3.0
jay,cruising,,3.5
jay,the-fog,,3.0
jay,all-that-jazz,,4.5
jay,kramer-vs-kramer,,4.0
jay,the-brood,,3.5
jay,alien,,5.0
jay,apocalypse-now,,4.5
jay,hardcore,,3.5
jay,the-warriors,,4.0
jay,invasion-of-the-body-snatchers-1978,,4.0
jay,the-deer-hunter,,4.0
jay,halloween-1978,,5.0
jay,days-of-heaven,,4.0
jay,girlfriends-1978,,3.5
jay,piranha,,3.5
jay,jaws-2,,2.0
jay,grease,,3.0
jay,the-shout,,4.0
jay,opening-night,,4.0
jay,house,,4.0
jay,sorcerer,,4.5
jay,the-hills-have-eyes,,3.0
jay,the-duellists,,4.0
jay,star-wars,,4.0
jay,eraserhead,,4.5
jay,suspiria,,4.0
jay,mikey-and-nicky,,4.0
jay,rocky,,2.5
jay,network,,4.0
jay,carrie-1976,,4.5
jay,harlan-county-usa,,4.0
jay,the-omen,,3.5
jay,all-the-presidents-men,,4.0
jay,taxi-driver,,4.0
jay,barry-lyndon,,4.5
jay,salo-or-the-120-days-of-sodom,,3.5
jay,one-flew-over-the-cuckoos-nest,,4.0
jay,dog-day-afternoon,,4.5
jay,the-rocky-horror-picture-show,,4.0
jay,picnic-at-hanging-rock,,4.0
jay,jaws,,4.0
jay,nashville,,5.0
jay,the-amusement-park,,3.5
jay,jeanne-dielman-23-quai-du-commerce-1080-bruxelles,,4.0
jay,shivers,,2.5
jay,monty-python-and-the-holy-grail,,3.5
jay,the-godfather-part-ii,,4.5
jay,a-woman-under-the-influence,,4.5
jay,black-christmas,,4.0
jay,italianamerican,,4.0
jay,the-taking-of-pelham-one-two-three,,4.0
jay,death-wish,,2.5
jay,chinatown,,4.0
jay,the-parallax-view,,4.0
jay,the-conversation,,4.5
jay,pendas-fen,,3.0
jay,zardoz,,2.0
jay,the-exorcist,,4.0
jay,the-wicker-man,,4.5
jay,serpico,,4.0
jay,badlands,,3.5
jay,dont-look-now,,4.0
jay,mean-streets,,3.0
jay,american-graffiti,,3.5
jay,paper-moon,,4.5
jay,the-long-goodbye,,4.5
jay,omer-the-tourist-in-star-trek,,3.0
jay,deliverance,,3.0
jay,pink-flamingos,,4.0
jay,the-godfather,,4.5
jay,cabaret,,4.5
jay,duel,,4.5
jay,a-clockwork-orange,,4.5
jay,the-french-connection,,4.0
jay,the-last-picture-show,,4.0
jay,the-devils,,4.5
jay,klute,,4.0
jay,wake-in-fright,,4.5
jay,thx-1138,,3.5
jay,get-carter,,4.0
jay,deep-end,,4.0
jay,hi-mom,,3.0
jay,they-shoot-horses-dont-they,,4.0
jay,kes,,4.0
jay,women-in-love,,4.5
jay,midnight-cowboy,,4.5
jay,the-swimming-pool,,3.0
jay,chitty-chitty-bang-bang,,3.5
jay,targets,,4.0
jay,rosemarys-baby,,4.5
jay,boom-1968,,3.0
jay,2001-a-space-odyssey,,4.5
jay,the-graduate,,4.0
jay,point-blank,,4.0
jay,bonnie-and-clyde,,4.0
jay,blow-up,,3.0
jay,persona,,4.0
jay,the-umbrellas-of-cherbourg,,4.0
jay,dr-strangelove-or-how-i-learned-to-stop-worrying-and-love-the-bomb,,4.0
jay,the-birds,,4.0
jay,cleo-from-5-to-7,,4.0
lilfilm,the-florida-project,,1.0
theneedledrop,a-quiet-place-part-ii,,4.0
theneedledrop,sound-of-metal,,4.0
theneedledrop,marriage-story-2019,,4.5
theneedledrop,john-wick-chapter-2,,4.0
theneedledrop,john-wick,,3.0
theneedledrop,whiplash-2014,,5.0
theneedledrop,the-wolf-of-wall-street,,0.5
theneedledrop,we-need-to-talk-about-kevin,,4.5
theneedledrop,blue-valentine,,3.5
theneedledrop,death-proof,,5.0
theneedledrop,eternal-sunshine-of-the-spotless-mind,,5.0
theneedledrop,napoleon-dynamite,,4.0
theneedledrop,adaptation,,5.0
theneedledrop,the-truman-show,,5.0
theneedledrop,fargo,,3.5
theneedledrop,reservoir-dogs,,4.0
theneedledrop,pixel,,5.0
theneedledrop,taxi-driver,,3.5
fcbarcelona,28-years-later-the-bone-temple,,3.5
fcbarcelona,stranger-things-5-the-finale,,1.0
fcbarcelona,marty-supreme,,3.0
fcbarcelona,black-phone-2,,2.0
fcbarcelona,a-big-bold-beautiful-journey,,1.0
fcbarcelona,one-battle-after-another,,3.0
fcbarcelona,frankenstein-2025,,3.5
fcbarcelona,caught-stealing,,3.0
fcbarcelona,weapons-2025,,3.5
fcbarcelona,the-fantastic-4-first-steps,,2.5
fcbarcelona,superman-2025,,3.5
fcbarcelona,f1,,3.5
fcbarcelona,ballerina-2025,,2.5
fcbarcelona,karate-kid-legends,,1.0
fcbarcelona,thunderbolts,,2.5
fcbarcelona,sinners-2025,,3.0
fcbarcelona,death-of-a-unicorn,,1.0
fcbarcelona,last-breath-2025,,2.0
fcbarcelona,mickey-17,,2.5
fcbarcelona,oh-hi,,2.0
fcbarcelona,together-2025,,3.0
fcbarcelona,dont-move-2024,,2.0
fcbarcelona,gladiator-ii,,2.5
fcbarcelona,heretic-2024,,3.0
fcbarcelona,friendship-2024,,2.0
fcbarcelona,speak-no-evil-2024,,3.0
fcbarcelona,wolfs,,3.0
fcbarcelona,conclave,,3.0
fcbarcelona,beetlejuice-beetlejuice,,2.5
fcbarcelona,incoming-2024,,1.5
fcbarcelona,alien-romulus,,3.5
fcbarcelona,blink-twice,,3.0
fcbarcelona,deadpool-wolverine,,2.5
fcbarcelona,trap-2024,,1.0
fcbarcelona,longlegs,,3.0
fcbarcelona,a-family-affair-2024-1,,1.0
fcbarcelona,anora,,3.5
fcbarcelona,the-substance,,3.5
fcbarcelona,furiosa-a-mad-max-saga,,3.5
fcbarcelona,the-fall-guy-2024,,2.0
fcbarcelona,road-house-2024,,1.0
fcbarcelona,cuckoo-2024,,2.0
fcbarcelona,dune-part-two,,5.0
fcbarcelona,my-old-ass,,3.5
fcbarcelona,a-real-pain,,3.5
fcbarcelona,anyone-but-you,,2.5
fcbarcelona,the-iron-claw-2023,,3.0
fcbarcelona,leave-the-world-behind-2023,,2.5
fcbarcelona,five-nights-at-freddys,,1.0
fcbarcelona,totally-killer,,1.0
fcbarcelona,the-creator-2023,,2.5
fcbarcelona,society-of-the-snow,,3.5
fcbarcelona,reptile-2023,,1.0
fcbarcelona,the-nun-ii,,1.0
fcbarcelona,the-wonderful-story-of-henry-sugar,,3.0
fcbarcelona,saltburn,,1.0
fcbarcelona,the-holdovers,,3.5
fcbarcelona,ferrari-2023,,2.5
fcbarcelona,you-are-so-not-invited-to-my-bat-mitzvah,,1.0
fcbarcelona,river-wild,,2.0
fcbarcelona,bird-box-barcelona,,3.0
fcbarcelona,oppenheimer-2023,,3.0
fcbarcelona,barbie,,1.5
fcbarcelona,no-hard-feelings-2023,,3.0
fcbarcelona,the-flash,,1.0
fcbarcelona,extraction-2,,2.5
fcbarcelona,spider-man-across-the-spider-verse,,4.0
fcbarcelona,anatomy-of-a-fall,,3.5
fcbarcelona,killers-of-the-flower-moon,,4.0
fcbarcelona,may-december,,3.5
fcbarcelona,how-to-have-sex,,2.5
fcbarcelona,guy-ritchies-the-covenant,,3.0
fcbarcelona,evil-dead-rise,,3.0
fcbarcelona,bottoms,,2.0
fcbarcelona,shortcomings,,1.0
fcbarcelona,past-lives,,3.5
fcbarcelona,missing-2023,,3.0
fcbarcelona,the-pale-blue-eye,,2.5
fcbarcelona,babylon-2022,,3.0
fcbarcelona,talk-to-me-2022,,3.5
fcbarcelona,significant-other,,1.0
fcbarcelona,amsterdam-2022,,2.5
fcbarcelona,raymond-ray,,3.0
fcbarcelona,the-menu-2022,,3.5
fcbarcelona,glass-onion,,3.0
fcbarcelona,barbarian-2022,,3.5
fcbarcelona,loving-adults,,3.0
fcbarcelona,day-shift-2022,,3.0
fcbarcelona,purple-hearts-2022,,1.0
fcbarcelona,thirteen-lives,,3.5
fcbarcelona,the-gray-man-2022,,2.5
fcbarcelona,thor-love-and-thunder,,2.0
fcbarcelona,hustle-2022,,3.0
fcbarcelona,elvis-2022,,3.0
fcbarcelona,aftersun,,3.0
fcbarcelona,top-gun-maverick,,4.0
fcbarcelona,doctor-strange-in-the-multiverse-of-madness,,3.5
fcbarcelona,the-northman,,2.5
fcbarcelona,x-2022,,4.0
fcbarcelona,everything-everywhere-all-at-once,,5.0
fcbarcelona,windfall,,3.0
fcbarcelona,the-adam-project,,3.5
fcbarcelona,the-batman,,5.0
fcbarcelona,when-you-finish-saving-the-world,,1.0
fcbarcelona,spider-man-no-way-home,,3.5
fcbarcelona,dont-look-up-2021,,3.5
fcbarcelona,tick-tick-boom-2021,,2.5
fcbarcelona,encanto,,3.0
fcbarcelona,no-time-to-die-2021,,2.5
fcbarcelona,the-black-phone,,3.0
fcbarcelona,intrusion-2021,,2.5
fcbarcelona,prey-2021,,3.0
fcbarcelona,last-night-in-soho,,1.0
fcbarcelona,dune-2021,,4.0
fcbarcelona,king-richard,,3.5
fcbarcelona,the-voyeurs-2021,,2.5
fcbarcelona,shang-chi-and-the-legend-of-the-ten-rings,,2.0
fcbarcelona,the-trip-2021,,3.0
fcbarcelona,blood-red-sky,,2.0
fcbarcelona,black-widow-2021,,2.5
fcbarcelona,the-conjuring-the-devil-made-me-do-it,,2.0
fcbarcelona,cherry-2021,,2.0
fcbarcelona,coming-home-in-the-dark,,3.0
fcbarcelona,wonder-woman-1984,,1.0
fcbarcelona,the-call-2020-3,,4.0
fcbarcelona,love-and-monsters,,3.0
fcbarcelona,another-round,,3.0
fcbarcelona,im-thinking-of-ending-things,,3.0
fcbarcelona,chemical-hearts,,3.0
fcbarcelona,the-rental,,2.5
fcbarcelona,extraction-2020,,2.5
fcbarcelona,love-wedding-repeat,,1.5
fcbarcelona,a-quiet-place-part-ii,,3.5
fcbarcelona,escape-from-pretoria,,3.0
fcbarcelona,the-nest-2020,,2.0
fcbarcelona,birds-of-prey-and-the-fantabulous-emancipation-of-one-harley-quinn,,1.0
fcbarcelona,star-wars-the-rise-of-skywalker,,1.0
fcbarcelona,el-camino-a-breaking-bad-movie,,2.5
fcbarcelona,the-irishman-2019,,2.5
fcbarcelona,fractured-2019,,3.0
fcbarcelona,in-the-tall-grass-2019,,3.0
fcbarcelona,knives-out-2019,,4.0
fcbarcelona,the-platform,,3.0
fcbarcelona,the-king-2019,,3.5
fcbarcelona,the-laundromat-2019,,3.0
fcbarcelona,joker-2019,,3.5
fcbarcelona,waves-2019,,4.0
fcbarcelona,ford-v-ferrari,,3.0
fcbarcelona,uncut-gems,,4.5
fcbarcelona,ad-astra-2019,,2.0
fcbarcelona,marriage-story-2019,,4.0
fcbarcelona,it-chapter-two,,3.5
fcbarcelona,a-rainy-day-in-new-york,,3.0
fcbarcelona,weathering-with-you,,3.0
fcbarcelona,fast-furious-presents-hobbs-shaw,,1.0
fcbarcelona,spider-man-far-from-home,,3.0
fcbarcelona,toy-story-4,,3.0
fcbarcelona,always-be-my-maybe-2019,,3.0
fcbarcelona,murder-mystery,,3.0
fcbarcelona,once-upon-a-time-in-hollywood,,2.5
fcbarcelona,parasite-2019,,4.5
fcbarcelona,john-wick-chapter-3-parabellum,,3.0
fcbarcelona,brightburn,,2.5
fcbarcelona,aladdin-2019,,3.5
fcbarcelona,yesterday-2019,,2.0
fcbarcelona,plus-one-2019,,3.0
fcbarcelona,avengers-endgame,,3.5
fcbarcelona,dreamland-2019,,2.5
fcbarcelona,the-silence-2019,,2.0
fcbarcelona,good-boys-2019,,3.0
fcbarcelona,the-peanut-butter-falcon,,4.0
fcbarcelona,extremely-wicked-shockingly-evil-and-vile,,1.0
fcbarcelona,polar-2019,,3.0
fcbarcelona,spider-man-into-the-spider-verse,,4.0
fcbarcelona,aquaman-2018,,2.5
fcbarcelona,bumblebee,,3.5
fcbarcelona,bird-box,,3.5
fcbarcelona,fantastic-beasts-the-crimes-of-grindelwald,,2.5
fcbarcelona,bohemian-rhapsody,,3.5
fcbarcelona,the-clovehitch-killer,,2.5
fcbarcelona,green-book,,3.5
fcbarcelona,hotel-mumbai,,3.0
fcbarcelona,the-nun-2018,,2.0
fcbarcelona,a-star-is-born-2018,,3.5
fcbarcelona,bodyguard-1,,4.5
fcbarcelona,blockheads-set-my-friends-on-fire,,3.0
fcbarcelona,14-cameras,,3.0
fcbarcelona,how-it-ends,,3.0
fcbarcelona,burning-2018,,3.0
fcbarcelona,sheherazade-2018,,3.5
fcbarcelona,under-the-silver-lake,,3.5
fcbarcelona,evil-genius,,3.5
fcbarcelona,arctic-2018,,3.0
fcbarcelona,milf-2018,,1.0
fcbarcelona,the-week-of,,3.5
fcbarcelona,avengers-infinity-war,,4.5
fcbarcelona,truth-or-dare-2018,,3.0
fcbarcelona,ready-player-one,,3.5
fcbarcelona,upgrade,,3.5
fcbarcelona,a-quiet-place-2018,,4.0
fcbarcelona,the-strangers-prey-at-night,,1.0
fcbarcelona,beast-of-burden,,1.0
fcbarcelona,isle-of-dogs-2018,,4.0
fcbarcelona,game-night,,3.5
fcbarcelona,when-we-first-met,,3.5
fcbarcelona,black-panther,,4.0
fcbarcelona,the-open-house,,1.0
fcbarcelona,insidious-the-last-key,,2.5
fcbarcelona,phantom-thread,,3.0
fcbarcelona,star-wars-the-last-jedi,,2.5
fcbarcelona,jumanji-welcome-to-the-jungle,,3.5
fcbarcelona,forgotten-2017,,3.5
fcbarcelona,justice-league,,1.0
fcbarcelona,coco-2017,,4.0
fcbarcelona,creep-2,,3.0
fcbarcelona,thor-ragnarok,,3.5
fcbarcelona,kingsman-the-golden-circle,,3.5
fcbarcelona,revenge-2017,,2.0
fcbarcelona,the-mountain-between-us,,3.0
fcbarcelona,the-upside,,3.0
fcbarcelona,the-ritual-2017,,3.5
fcbarcelona,papillon-2017,,3.0
fcbarcelona,memoir-of-a-murderer,,3.0
fcbarcelona,it-2017,,3.5
fcbarcelona,death-note-2017,,0.5
fcbarcelona,the-snowman-2017,,1.0
fcbarcelona,what-happened-to-monday,,3.5
fcbarcelona,the-layover,,1.5
fcbarcelona,a-taxi-driver,,3.5
fcbarcelona,the-only-living-boy-in-new-york,,2.5
fcbarcelona,american-assassin,,3.0
fcbarcelona,spider-man-homecoming,,2.5
fcbarcelona,jungle-2017,,3.5
fcbarcelona,good-time,,4.0
fcbarcelona,pirates-of-the-caribbean-dead-men-tell-no-tales,,2.0
fcbarcelona,the-killing-of-a-sacred-deer,,3.5
fcbarcelona,the-mummy-2017,,2.0
fcbarcelona,baywatch,,1.5
fcbarcelona,wonder-woman-2017,,3.5
fcbarcelona,power-rangers,,1.0
fcbarcelona,life-2017,,3.5
fcbarcelona,hot-summer-nights,,3.0
fcbarcelona,baby-driver,,2.5
fcbarcelona,john-wick-chapter-2,,3.5
fcbarcelona,get-out-2017,,3.5
fcbarcelona,wind-river-2017,,3.0
fcbarcelona,thoroughbreds-2017,,2.0
fcbarcelona,berlin-syndrome,,3.0
fcbarcelona,allied,,3.5
fcbarcelona,fantastic-beasts-and-where-to-find-them,,3.5
fcbarcelona,doctor-strange-2016,,2.5
fcbarcelona,the-girl-on-the-train-2016,,3.5
fcbarcelona,the-edge-of-seventeen,,3.0
fcbarcelona,the-autopsy-of-jane-doe,,3.5
fcbarcelona,hacksaw-ridge,,4.5
fcbarcelona,wakefield,,1.0
fcbarcelona,nocturnal-animals,,2.5
fcbarcelona,moonlight-2016,,4.5
fcbarcelona,la-la-land,,4.5
fcbarcelona,imperium,,1.0
fcbarcelona,war-dogs-2016,,3.0
fcbarcelona,suicide-squad-2016,,1.5
fcbarcelona,your-name,,3.0
fcbarcelona,mike-and-dave-need-wedding-dates,,3.0
fcbarcelona,lights-out-2016,,2.0
fcbarcelona,finding-dory,,1.0
fcbarcelona,me-before-you,,1.0
fcbarcelona,train-to-busan,,3.5
fcbarcelona,the-conjuring-2,,4.0
fcbarcelona,the-wailing,,2.5
fcbarcelona,the-nice-guys,,3.0
fcbarcelona,captain-america-civil-war,,3.5
fcbarcelona,batman-v-superman-dawn-of-justice,,1.0
fcbarcelona,dont-breathe-2016,,3.5
fcbarcelona,hush-2016,,3.5
fcbarcelona,10-cloverfield-lane,,4.0
fcbarcelona,deadpool,,3.5
fcbarcelona,manchester-by-the-sea,,4.0
fcbarcelona,under-the-shadow,,3.0
fcbarcelona,dirty-grandpa,,3.0
fcbarcelona,the-revenant-2015,,3.5
fcbarcelona,star-wars-the-force-awakens,,3.5
fcbarcelona,concussion-2015,,1.0
fcbarcelona,the-hunger-games-mockingjay-part-2,,3.0
fcbarcelona,spectre-2015,,3.0
fcbarcelona,burnt,,2.0
fcbarcelona,the-intern-2015,,3.5
fcbarcelona,the-visit-2015,,3.5
fcbarcelona,legend-2015,,1.0
fcbarcelona,we-are-your-friends,,2.5
fcbarcelona,sinister-2,,2.5
fcbarcelona,the-gift-2015-1,,3.0
fcbarcelona,13-cameras,,3.0
fcbarcelona,self-less,,3.0
fcbarcelona,southpaw-2015,,2.5
fcbarcelona,jurassic-world,,3.5
fcbarcelona,insidious-chapter-3,,3.0
fcbarcelona,circle-2015,,3.5
fcbarcelona,mad-max-fury-road,,4.5
fcbarcelona,avengers-age-of-ultron,,3.5
fcbarcelona,the-age-of-adaline,,3.0
fcbarcelona,furious-7,,4.0
fcbarcelona,the-invitation-2015,,4.0
fcbarcelona,focus-2015,,3.0
fcbarcelona,project-almanac,,3.5
fcbarcelona,the-stanford-prison-experiment,,3.5
fcbarcelona,z-for-zachariah-2015,,2.0
fcbarcelona,dope-2015,,3.0
fcbarcelona,knock-knock-2015,,1.0
fcbarcelona,ex-machina-2015,,3.5
fcbarcelona,the-last-naruto-the-movie,,3.5
fcbarcelona,exodus-gods-and-kings,,2.5
fcbarcelona,the-hunger-games-mockingjay-part-1,,3.0
fcbarcelona,interstellar,,5.0
fcbarcelona,fury-2014,,3.5
fcbarcelona,dracula-untold,,3.0
fcbarcelona,annabelle,,3.5
fcbarcelona,two-night-stand,,3.0
fcbarcelona,gone-girl,,4.5
fcbarcelona,john-wick,,4.0
fcbarcelona,the-maze-runner,,3.5
fcbarcelona,this-is-where-i-leave-you,,3.5
fcbarcelona,the-equalizer,,3.5
fcbarcelona,while-were-young,,2.0
fcbarcelona,nightcrawler,,4.0
fcbarcelona,the-drop-2014,,3.5
fcbarcelona,the-imitation-game,,4.0
fcbarcelona,as-above-so-below-2014,,3.5
fcbarcelona,guardians-of-the-galaxy,,2.5
fcbarcelona,lucy-2014,,3.0
fcbarcelona,transformers-age-of-extinction,,3.0
fcbarcelona,the-longest-week,,2.5
fcbarcelona,22-jump-street,,3.5
fcbarcelona,maleficent,,3.0
fcbarcelona,edge-of-tomorrow,,3.5
fcbarcelona,it-follows,,3.5
fcbarcelona,the-captive-2014,,2.0
fcbarcelona,x-men-days-of-future-past,,4.0
fcbarcelona,the-amazing-spider-man-2,,1.0
fcbarcelona,captain-america-the-winter-soldier,,3.5
fcbarcelona,neighbors-2014,,3.0
fcbarcelona,creep-2014,,3.5
fcbarcelona,noah,,2.0
fcbarcelona,the-two-faces-of-january,,2.5
fcbarcelona,the-grand-budapest-hotel,,5.0
fcbarcelona,that-awkward-moment,,3.0
fcbarcelona,non-stop-2014,,2.5
fcbarcelona,boyhood,,4.0
fcbarcelona,whiplash-2014,,5.0
fcbarcelona,paranormal-activity-the-marked-ones,,3.5
fcbarcelona,the-wolf-of-wall-street,,4.5
fcbarcelona,frozen-2013,,3.5
fcbarcelona,the-hunger-games-catching-fire,,4.0
fcbarcelona,lone-survivor,,3.5
fcbarcelona,carrie-2013,,3.0
fcbarcelona,her,,3.0
fcbarcelona,captain-phillips,,3.5
fcbarcelona,coherence,,3.5
fcbarcelona,insidious-chapter-2,,3.5
fcbarcelona,the-family-2013,,3.0
fcbarcelona,enemy,,3.0
fcbarcelona,dallas-buyers-club,,3.5
fcbarcelona,what-if-2013,,2.5
fcbarcelona,begin-again,,3.0
fcbarcelona,horns,,3.0
fcbarcelona,locke,,1.0
fcbarcelona,prisoners,,5.0
fcbarcelona,under-the-skin-2013,,2.5
fcbarcelona,gravity-2013,,3.5
fcbarcelona,percy-jackson-sea-of-monsters,,1.5
fcbarcelona,were-the-millers,,3.5
fcbarcelona,snowpiercer,,3.0
fcbarcelona,about-time,,4.5
fcbarcelona,the-lone-ranger,,2.0
fcbarcelona,man-of-steel,,3.0
fcbarcelona,the-conjuring,,4.0
fcbarcelona,the-purge,,4.0
fcbarcelona,now-you-see-me,,3.0
fcbarcelona,fast-furious-6,,3.5
fcbarcelona,star-trek-into-darkness,,3.0
fcbarcelona,the-great-gatsby-2013,,3.5
fcbarcelona,the-big-wedding,,1.0
fcbarcelona,iron-man-3,,3.0
fcbarcelona,olympus-has-fallen,,3.0
fcbarcelona,side-effects-2013,,2.5
fcbarcelona,charlie-countryman,,3.5
fcbarcelona,before-midnight,,4.0
fcbarcelona,don-jon,,4.0
fcbarcelona,the-spectacular-now,,3.5
fcbarcelona,this-is-40,,2.5
fcbarcelona,django-unchained,,5.0
fcbarcelona,skyfall,,4.0
fcbarcelona,paranormal-activity-4,,2.0
fcbarcelona,looper,,3.5
fcbarcelona,the-perks-of-being-a-wallflower,,4.0
fcbarcelona,end-of-watch,,4.0
fcbarcelona,silver-linings-playbook,,4.5
fcbarcelona,the-place-beyond-the-pines,,3.5
fcbarcelona,premium-rush,,2.0
fcbarcelona,the-dark-knight-rises,,3.5
fcbarcelona,the-amazing-spider-man,,1.0
fcbarcelona,seeking-a-friend-for-the-end-of-the-world,,3.5
fcbarcelona,ted,,3.0
fcbarcelona,thats-my-boy-2012,,3.0
fcbarcelona,chernobyl-diaries,,3.5
fcbarcelona,the-hunt-2012,,3.5
fcbarcelona,lawless,,3.0
fcbarcelona,men-in-black-3,,3.0
fcbarcelona,the-avengers-2012,,4.5
fcbarcelona,wrath-of-the-titans,,2.5
fcbarcelona,the-hunger-games,,2.5
fcbarcelona,21-jump-street,,3.5
fcbarcelona,sinister,,5.0
fcbarcelona,red-lights-2012,,3.0
fcbarcelona,john-carter,,3.5
fcbarcelona,flight,,3.0
fcbarcelona,the-woman-in-black-2012,,3.0
fcbarcelona,chronicle,,3.0
fcbarcelona,the-best-exotic-marigold-hotel,,2.5
fcbarcelona,sherlock-holmes-a-game-of-shadows,,4.0
fcbarcelona,jack-and-jill,,1.0
fcbarcelona,in-time,,2.5
fcbarcelona,paranormal-activity-3,,1.0
fcbarcelona,retreat,,3.0
fcbarcelona,the-rum-diary,,3.0
fcbarcelona,hugo,,3.5
fcbarcelona,real-steel,,2.0
fcbarcelona,moneyball,,3.0
fcbarcelona,the-intouchables,,4.0
fcbarcelona,youre-next,,3.0
fcbarcelona,warrior,,4.0
fcbarcelona,fright-night-2011,,3.0
fcbarcelona,captain-america-the-first-avenger,,2.5
fcbarcelona,crazy-stupid-love,,3.5
fcbarcelona,harry-potter-and-the-deathly-hallows-part-2,,4.5
fcbarcelona,horrible-bosses,,3.0
fcbarcelona,transformers-dark-of-the-moon,,3.5
fcbarcelona,green-lantern,,1.0
fcbarcelona,super-8,,4.0
fcbarcelona,kung-fu-panda-2,,3.5
fcbarcelona,x-men-first-class,,4.0
fcbarcelona,drive-2011,,4.0
fcbarcelona,the-skin-i-live-in,,3.5
fcbarcelona,midnight-in-paris,,4.5
fcbarcelona,pirates-of-the-caribbean-on-stranger-tides,,3.0
fcbarcelona,thor,,2.0
fcbarcelona,fast-five,,4.0
fcbarcelona,hanna,,3.0
fcbarcelona,source-code,,3.5
fcbarcelona,limitless,,3.5
fcbarcelona,i-am-number-four,,3.0
fcbarcelona,just-go-with-it,,3.5
fcbarcelona,the-details,,3.0
fcbarcelona,the-green-hornet,,3.0
fcbarcelona,the-tourist,,2.5
fcbarcelona,tron-legacy,,3.5
fcbarcelona,tangled-2010,,4.0
fcbarcelona,love-other-drugs,,3.5
fcbarcelona,harry-potter-and-the-deathly-hallows-part-1,,4.5
fcbarcelona,dont-be-afraid-of-the-dark-2010,,1.0
fcbarcelona,unstoppable-2010,,3.5
fcbarcelona,due-date,,3.0
fcbarcelona,megamind,,3.5
fcbarcelona,paranormal-activity-2,,1.0
fcbarcelona,the-social-network,,4.0
fcbarcelona,devil,,3.5
fcbarcelona,insidious,,4.0
fcbarcelona,the-kings-speech,,3.0
fcbarcelona,127-hours,,3.5
fcbarcelona,black-swan,,4.0
fcbarcelona,the-switch,,3.0
fcbarcelona,charlie-st-cloud,,3.5
fcbarcelona,flipped,,3.0
fcbarcelona,salt-2010,,2.0
fcbarcelona,the-sorcerers-apprentice-2010,,3.0
fcbarcelona,the-last-airbender,,0.5
fcbarcelona,grown-ups,,3.5
fcbarcelona,toy-story-3,,5.0
fcbarcelona,the-karate-kid-2010,,3.5
fcbarcelona,despicable-me,,3.0
fcbarcelona,killers-2010,,3.0
fcbarcelona,prince-of-persia-the-sands-of-time,,2.5
fcbarcelona,iron-man-2,,3.0
fcbarcelona,clash-of-the-titans-2010,,3.5
fcbarcelona,how-to-train-your-dragon,,3.5
fcbarcelona,the-bounty-hunter,,3.5
fcbarcelona,shes-out-of-my-league,,3.0
fcbarcelona,alice-in-wonderland-2010,,3.5
fcbarcelona,shutter-island,,4.5
fcbarcelona,percy-jackson-the-olympians-the-lightning-thief,,2.5
fcbarcelona,legion-2010,,3.0
fcbarcelona,tooth-fairy-2010,,1.5
fcbarcelona,sherlock-holmes-2009,,4.0
fcbarcelona,avatar,,2.5
fcbarcelona,everybodys-fine-2009,,3.5
fcbarcelona,the-lovely-bones,,3.5
fcbarcelona,brothers-2009,,3.0
fcbarcelona,the-twilight-saga-new-moon,,1.5
fcbarcelona,fantastic-mr-fox,,3.0
fcbarcelona,2012,,3.5
fcbarcelona,zombieland,,3.5
fcbarcelona,the-rebound,,2.5
fcbarcelona,mr-nobody,,3.5
fcbarcelona,daybreakers,,3.5
fcbarcelona,jennifers-body,,3.0
fcbarcelona,harry-potter-and-the-half-blood-prince,,3.5
fcbarcelona,transformers-revenge-of-the-fallen,,3.5
fcbarcelona,the-hangover,,3.5
fcbarcelona,inglourious-basterds,,4.5
fcbarcelona,a-prophet,,3.5
fcbarcelona,star-trek,,3.5
fcbarcelona,fast-furious,,3.0
fcbarcelona,the-haunting-in-connecticut,,3.0
fcbarcelona,i-love-you-man,,3.0
fcbarcelona,17-again,,4.0
fcbarcelona,dragonball-evolution,,0.5
fcbarcelona,the-pink-panther-2,,3.0
fcbarcelona,the-uninvited-2009,,3.5
fcbarcelona,adventureland,,3.5
fcbarcelona,500-days-of-summer,,4.0
fcbarcelona,defiance,,3.5
fcbarcelona,marley-me,,3.5
fcbarcelona,bedtime-stories,,3.0
fcbarcelona,seven-pounds,,3.5
fcbarcelona,inkheart,,2.0
fcbarcelona,the-curious-case-of-benjamin-button,,3.5
fcbarcelona,quantum-of-solace,,3.0
fcbarcelona,eagle-eye,,3.5
fcbarcelona,keith,,3.0
fcbarcelona,slumdog-millionaire,,3.5
fcbarcelona,vicky-cristina-barcelona,,3.5
fcbarcelona,the-dark-knight,,5.0
fcbarcelona,walle,,3.5
fcbarcelona,hancock,,3.0
fcbarcelona,get-smart,,3.0
fcbarcelona,the-incredible-hulk,,3.0
fcbarcelona,wanted-2008,,3.5
fcbarcelona,the-strangers,,4.0
fcbarcelona,indiana-jones-and-the-kingdom-of-the-crystal-skull,,3.5
fcbarcelona,kung-fu-panda,,3.5
fcbarcelona,the-boy-in-the-striped-pyjamas,,3.5
fcbarcelona,iron-man-2008,,4.0
fcbarcelona,forgetting-sarah-marshall,,3.5
fcbarcelona,21,,3.5
fcbarcelona,the-other-boleyn-girl,,3.0
fcbarcelona,jumper,,3.5
fcbarcelona,let-the-right-one-in,,3.5
fcbarcelona,i-am-legend,,3.5
fcbarcelona,awake,,3.0
fcbarcelona,american-gangster,,4.0
fcbarcelona,timecrimes,,3.5
fcbarcelona,paranormal-activity,,3.0
fcbarcelona,december-boys,,1.0
fcbarcelona,eastern-promises,,3.5
fcbarcelona,the-darjeeling-limited,,3.5
fcbarcelona,into-the-wild,,3.5
fcbarcelona,superbad,,4.5
fcbarcelona,rush-hour-3,,3.5
fcbarcelona,an-american-crime,,3.5
fcbarcelona,i-now-pronounce-you-chuck-larry,,3.0
fcbarcelona,harry-potter-and-the-order-of-the-phoenix,,4.0
fcbarcelona,ratatouille,,5.0
fcbarcelona,death-proof,,3.0
fcbarcelona,no-country-for-old-men,,4.0
fcbarcelona,pirates-of-the-caribbean-at-worlds-end,,4.5
fcbarcelona,watching-the-detectives,,3.0
fcbarcelona,vacancy-2007,,3.5
fcbarcelona,spider-man-3,,3.5
fcbarcelona,the-invisible,,3.0
fcbarcelona,disturbia,,4.0
fcbarcelona,sunshine-2007,,2.5
fcbarcelona,meet-the-robinsons,,3.5
fcbarcelona,dead-silence,,3.0
fcbarcelona,zodiac,,3.0
fcbarcelona,the-number-23,,3.0
fcbarcelona,bridge-to-terabithia,,3.5
fcbarcelona,jump-in,,3.0
fcbarcelona,eragon,,1.0
fcbarcelona,the-pursuit-of-happyness,,4.5
fcbarcelona,blood-diamond,,4.0
fcbarcelona,casino-royale-2006,,3.5
fcbarcelona,the-prestige,,4.5
fcbarcelona,the-departed,,4.5
fcbarcelona,the-covenant,,1.5
fcbarcelona,children-of-men,,3.5
fcbarcelona,pirates-of-the-caribbean-dead-mans-chest,,5.0
fcbarcelona,click,,3.5
fcbarcelona,superman-returns,,2.5
fcbarcelona,the-fast-and-the-furious-tokyo-drift,,4.0
fcbarcelona,pans-labyrinth,,3.5
fcbarcelona,the-break-up,,3.0
fcbarcelona,inside-man,,3.0
fcbarcelona,the-pink-panther,,3.5
fcbarcelona,final-destination-3,,3.0
fcbarcelona,little-miss-sunshine,,4.5
fcbarcelona,king-kong-2005,,3.5
fcbarcelona,zathura-a-space-adventure,,3.0
fcbarcelona,harry-potter-and-the-goblet-of-fire,,5.0
fcbarcelona,just-like-heaven,,3.0
fcbarcelona,imagine-me-you,,3.0
fcbarcelona,goal-2005,,4.0
fcbarcelona,the-exorcism-of-emily-rose,,3.0
fcbarcelona,tsotsi,,3.0
fcbarcelona,red-eye,,3.5
fcbarcelona,sky-high-2005,,3.5
fcbarcelona,charlie-and-the-chocolate-factory,,3.5
fcbarcelona,fantastic-four-2005,,3.5
fcbarcelona,mr-mrs-smith-2005,,3.5
fcbarcelona,cinderella-man,,3.5
fcbarcelona,batman-begins,,4.0
fcbarcelona,the-longest-yard-2005,,3.5
fcbarcelona,match-point,,3.5
fcbarcelona,star-wars-episode-iii-revenge-of-the-sith,,3.5
fcbarcelona,the-sandlot-2,,3.5
fcbarcelona,the-descent,,3.0
fcbarcelona,robots,,3.0
fcbarcelona,the-pacifier,,3.0
fcbarcelona,hitch-2005,,3.5
fcbarcelona,unleashed,,3.0
fcbarcelona,in-good-company-2004,,3.0
fcbarcelona,lemony-snickets-a-series-of-unfortunate-events,,3.5
fcbarcelona,the-incredibles,,4.0
fcbarcelona,howls-moving-castle,,3.0
fcbarcelona,avp-alien-vs-predator,,3.5
fcbarcelona,i-robot,,3.5
fcbarcelona,spider-man-2,,5.0
fcbarcelona,the-terminal,,4.0
fcbarcelona,harry-potter-and-the-prisoner-of-azkaban,,5.0
fcbarcelona,the-notebook,,4.0
fcbarcelona,the-day-after-tomorrow,,3.5
fcbarcelona,troy,,4.0
fcbarcelona,mean-girls,,4.0
fcbarcelona,kill-bill-vol-2,,4.5
fcbarcelona,hellboy,,1.0
fcbarcelona,secret-window,,3.5
fcbarcelona,dawn-of-the-dead-2004,,3.5
fcbarcelona,eternal-sunshine-of-the-spotless-mind,,4.5
fcbarcelona,the-girl-next-door-2004,,3.0
fcbarcelona,50-first-dates,,3.0
fcbarcelona,before-sunset,,5.0
fcbarcelona,saw,,3.5
fcbarcelona,the-butterfly-effect,,3.5
fcbarcelona,garden-state,,3.0
fcbarcelona,somethings-gotta-give,,3.5
fcbarcelona,the-lord-of-the-rings-the-return-of-the-king,,5.0
fcbarcelona,the-haunted-mansion,,3.5
fcbarcelona,the-matrix-revolutions,,2.5
fcbarcelona,kill-bill-vol-1,,4.5
fcbarcelona,school-of-rock,,3.5
fcbarcelona,love-actually,,3.0
fcbarcelona,out-of-time,,3.5
fcbarcelona,lost-in-translation,,3.5
fcbarcelona,freaky-friday-2003,,4.0
fcbarcelona,gigli,,0.5
fcbarcelona,terminator-3-rise-of-the-machines,,3.0
fcbarcelona,pirates-of-the-caribbean-the-curse-of-the-black-pearl,,4.5
fcbarcelona,hulk,,3.0
fcbarcelona,2-fast-2-furious,,3.5
fcbarcelona,the-texas-chainsaw-massacre,,3.0
fcbarcelona,finding-nemo,,4.5
fcbarcelona,evil,,3.5
fcbarcelona,the-matrix-reloaded,,3.0
fcbarcelona,memories-of-murder,,5.0
fcbarcelona,identity,,3.5
fcbarcelona,holes,,4.5
fcbarcelona,final-destination-2,,3.0
fcbarcelona,the-lord-of-the-rings-the-two-towers,,5.0
fcbarcelona,catch-me-if-you-can-2002,,5.0
fcbarcelona,maid-in-manhattan,,3.0
fcbarcelona,harry-potter-and-the-chamber-of-secrets,,4.5
fcbarcelona,28-days-later,,3.5
fcbarcelona,8-mile,,3.5
fcbarcelona,men-in-black-ii,,3.5
fcbarcelona,lilo-stitch,,3.5
fcbarcelona,the-bourne-identity-2002,,3.0
fcbarcelona,the-pianist,,5.0
fcbarcelona,punch-drunk-love,,3.5
fcbarcelona,city-of-god,,5.0
fcbarcelona,star-wars-episode-ii-attack-of-the-clones,,3.5
fcbarcelona,unfaithful,,3.5
fcbarcelona,spider-man,,5.0
fcbarcelona,john-q,,3.5
fcbarcelona,gerry,,0.5
fcbarcelona,a-beautiful-mind,,4.0
fcbarcelona,the-lord-of-the-rings-the-fellowship-of-the-ring,,5.0
fcbarcelona,oceans-eleven-2001,,3.5
fcbarcelona,harry-potter-and-the-philosophers-stone,,5.0
fcbarcelona,monsters-inc,,4.0
fcbarcelona,training-day,,4.0
fcbarcelona,lovely-amazing,,1.5
fcbarcelona,rush-hour-2,,4.5
fcbarcelona,the-princess-diaries,,3.5
fcbarcelona,the-fast-and-the-furious-2001,,4.0
fcbarcelona,y-tu-mama-tambien,,4.0
fcbarcelona,pearl-harbor,,3.5
fcbarcelona,mulholland-drive,,1.5
fcbarcelona,the-piano-teacher,,2.5
fcbarcelona,the-mummy-returns,,4.0
fcbarcelona,blow,,3.5
fcbarcelona,sweet-november,,0.5
fcbarcelona,the-emperors-new-groove,,3.5
fcbarcelona,cast-away,,4.0
fcbarcelona,finding-forrester,,3.5
fcbarcelona,how-the-grinch-stole-christmas-2000,,3.5
fcbarcelona,malena,,3.0
fcbarcelona,remember-the-titans,,4.0
fcbarcelona,what-lies-beneath,,3.0
fcbarcelona,x-men,,3.0
fcbarcelona,in-the-mood-for-love,,4.0
fcbarcelona,amores-perros,,2.5
fcbarcelona,dinosaur,,3.0
fcbarcelona,gladiator-2000,,3.0
fcbarcelona,final-destination,,3.5
fcbarcelona,scream-3,,2.5
fcbarcelona,the-beach,,3.0
fcbarcelona,love-basketball,,3.5
fcbarcelona,american-psycho,,4.0
fcbarcelona,the-cider-house-rules,,3.5
fcbarcelona,the-talented-mr-ripley,,4.0
fcbarcelona,toy-story-2,,4.5
fcbarcelona,american-beauty,,3.0
fcbarcelona,the-sixth-sense,,4.0
fcbarcelona,the-iron-giant,,4.0
fcbarcelona,the-wood,,3.5
fcbarcelona,eyes-wide-shut,,4.0
fcbarcelona,tarzan,,4.5
fcbarcelona,star-wars-episode-i-the-phantom-menace,,3.0
fcbarcelona,the-mummy-1999,,4.5
fcbarcelona,the-matrix,,5.0
fcbarcelona,cruel-intentions,,3.0
fcbarcelona,october-sky,,3.5
fcbarcelona,the-blair-witch-project,,2.5
fcbarcelona,the-prince-of-egypt,,5.0
fcbarcelona,shakespeare-in-love,,3.5
fcbarcelona,jack-frost,,3.0
fcbarcelona,a-bugs-life,,4.0
fcbarcelona,meet-joe-black,,4.0
fcbarcelona,practical-magic,,2.5
fcbarcelona,rush-hour,,4.5
fcbarcelona,a-simple-plan,,3.5
fcbarcelona,run-lola-run,,4.5
fcbarcelona,the-parent-trap-1998,,4.0
fcbarcelona,the-mask-of-zorro,,3.5
fcbarcelona,doctor-dolittle-1998,,3.0
fcbarcelona,mulan,,4.5
fcbarcelona,the-truman-show,,4.0
fcbarcelona,he-got-game,,3.5
fcbarcelona,following,,3.5
fcbarcelona,wild-things,,3.0
fcbarcelona,kite,,1.5
fcbarcelona,the-big-lebowski,,2.5
fcbarcelona,life-is-beautiful,,5.0
fcbarcelona,home-alone-3,,3.0
fcbarcelona,scream-2,,4.0
fcbarcelona,jackie-brown,,3.0
fcbarcelona,good-will-hunting,,5.0
fcbarcelona,titanic-1997,,5.0
fcbarcelona,i-know-what-you-did-last-summer,,3.5
fcbarcelona,the-edge,,3.0
fcbarcelona,the-game,,3.5
fcbarcelona,perfect-blue,,3.5
fcbarcelona,air-force-one,,3.5
fcbarcelona,gattaca,,4.0
fcbarcelona,men-in-black,,3.5
fcbarcelona,hercules-1997,,4.5
fcbarcelona,batman-robin,,2.0
fcbarcelona,the-odyssey,,4.0
fcbarcelona,funny-games,,2.5
fcbarcelona,la-confidential,,2.5
fcbarcelona,liar-liar,,3.0
fcbarcelona,donnie-brasco,,3.5
fcbarcelona,scream,,5.0
fcbarcelona,101-dalmatians,,3.5
fcbarcelona,romeo-juliet-1996,,4.0
fcbarcelona,sleepers,,3.5
fcbarcelona,a-summers-tale,,3.5
fcbarcelona,the-craft,,2.5
fcbarcelona,fargo,,3.5
fcbarcelona,from-dusk-till-dawn,,3.0
fcbarcelona,jumanji,,3.5
fcbarcelona,toy-story,,4.5
fcbarcelona,casino,,4.0
fcbarcelona,leaving-las-vegas,,1.0
fcbarcelona,mortal-kombat,,3.0
fcbarcelona,pocahontas,,3.5
fcbarcelona,batman-forever,,1.5
fcbarcelona,la-haine,,5.0
fcbarcelona,casper,,3.5
fcbarcelona,braveheart,,3.0
fcbarcelona,friday,,4.0
fcbarcelona,bad-boys-1995,,3.5
fcbarcelona,the-usual-suspects,,3.5
fcbarcelona,rumble-in-the-bronx,,3.5
fcbarcelona,before-sunrise,,4.5
fcbarcelona,dumb-and-dumber,,3.0
fcbarcelona,interview-with-the-vampire,,3.5
fcbarcelona,leon-the-professional,,4.0
fcbarcelona,the-shawshank-redemption,,5.0
fcbarcelona,the-mask-1994,,3.0
fcbarcelona,it-could-happen-to-you,,2.0
fcbarcelona,babys-day-out,,3.0
fcbarcelona,forrest-gump,,5.0
fcbarcelona,the-lion-king,,5.0
fcbarcelona,pulp-fiction,,5.0
fcbarcelona,shallow-grave,,4.0
fcbarcelona,the-crow,,3.0
fcbarcelona,reality-bites,,3.0
fcbarcelona,schindlers-list,,5.0
fcbarcelona,the-nightmare-before-christmas,,4.0
fcbarcelona,whats-eating-gilbert-grape,,4.0
fcbarcelona,a-bronx-tale,,3.5
fcbarcelona,the-fugitive-1993,,3.0
fcbarcelona,free-willy,,3.5
fcbarcelona,jurassic-park,,3.5
fcbarcelona,dazed-and-confused,,3.5
fcbarcelona,menace-ii-society,,3.5
fcbarcelona,indecent-proposal,,1.5
fcbarcelona,the-sandlot,,4.5
fcbarcelona,groundhog-day,,3.5
fcbarcelona,alive,,2.0
fcbarcelona,scent-of-a-woman,,4.5
fcbarcelona,the-bodyguard-1992,,3.0
fcbarcelona,home-alone-2-lost-in-new-york,,4.5
fcbarcelona,bram-stokers-dracula,,4.0
fcbarcelona,aladdin,,4.5
fcbarcelona,batman-returns,,3.5
fcbarcelona,basic-instinct,,3.5
fcbarcelona,my-cousin-vinny,,4.0
fcbarcelona,reservoir-dogs,,3.0
fcbarcelona,cape-fear-1991,,3.5
fcbarcelona,raise-the-red-lantern,,4.0
fcbarcelona,terminator-2-judgment-day,,5.0
fcbarcelona,boyz-n-the-hood,,3.5
fcbarcelona,hook,,3.5
fcbarcelona,the-silence-of-the-lambs,,5.0
fcbarcelona,the-godfather-part-iii,,3.5
fcbarcelona,edward-scissorhands,,5.0
fcbarcelona,home-alone,,5.0
fcbarcelona,goodfellas,,5.0
fcbarcelona,ghost,,3.0
fcbarcelona,back-to-the-future-part-iii,,4.0
fcbarcelona,pretty-woman,,3.5
fcbarcelona,back-to-the-future-part-ii,,4.5
fcbarcelona,when-harry-met-sally,,4.5
fcbarcelona,batman-1989,,3.5
fcbarcelona,dead-poets-society,,3.5
fcbarcelona,indiana-jones-and-the-last-crusade,,3.5
fcbarcelona,midnight-run,,3.0
fcbarcelona,coming-to-america,,4.0
fcbarcelona,beetlejuice,,3.5
fcbarcelona,the-princess-bride,,3.5
fcbarcelona,the-pick-up-artist,,2.0
fcbarcelona,predator,,4.0
fcbarcelona,the-secret-of-my-success,,1.5
fcbarcelona,stand-by-me,,4.5
fcbarcelona,ferris-buellers-day-off,,3.5
fcbarcelona,top-gun,,3.0
fcbarcelona,after-hours,,3.5
fcbarcelona,fright-night,,3.0
fcbarcelona,weird-science,,1.5
fcbarcelona,back-to-the-future,,5.0
fcbarcelona,the-breakfast-club,,4.0
fcbarcelona,a-nightmare-on-elm-street,,3.5
fcbarcelona,the-terminator,,4.5
fcbarcelona,body-double,,3.5
fcbarcelona,the-karate-kid,,4.0
fcbarcelona,gremlins,,4.0
fcbarcelona,indiana-jones-and-the-temple-of-doom,,3.0
fcbarcelona,sixteen-candles,,1.0
fcbarcelona,scarface-1983,,4.5
fcbarcelona,a-christmas-story-1983,,3.5
fcbarcelona,psycho-ii,,3.0
fcbarcelona,return-of-the-jedi,,5.0
fcbarcelona,the-outsiders,,2.5
fcbarcelona,the-thing,,4.0
fcbarcelona,et-the-extra-terrestrial,,4.5
fcbarcelona,raiders-of-the-lost-ark,,4.0
fcbarcelona,possession,,3.5
fcbarcelona,raging-bull,,4.0
fcbarcelona,the-shining,,4.0
fcbarcelona,the-empire-strikes-back,,4.5
fcbarcelona,alien,,5.0
fcbarcelona,halloween-1978,,3.5
fcbarcelona,the-goodbye-girl,,3.5
fcbarcelona,star-wars,,4.5
fcbarcelona,suspiria,,3.0
fcbarcelona,carrie-1976,,4.5
fcbarcelona,the-omen,,4.0
fcbarcelona,taxi-driver,,5.0
fcbarcelona,one-flew-over-the-cuckoos-nest,,4.0
fcbarcelona,dog-day-afternoon,,3.5
fcbarcelona,jaws,,4.0
fcbarcelona,the-godfather-part-ii,,5.0
fcbarcelona,chinatown,,2.5
fcbarcelona,the-godfather,,5.0
fcbarcelona,the-swimming-pool,,3.0
fcbarcelona,rosemarys-baby,,4.5
fcbarcelona,the-graduate,,4.5
fcbarcelona,wait-until-dark,,3.5
fcbarcelona,le-samourai,,2.5
fcbarcelona,persona,,4.5
fcbarcelona,thunderball,,2.0
fcbarcelona,goldfinger,,2.5
fcbarcelona,from-russia-with-love,,2.5
fcbarcelona,to-kill-a-mockingbird,,3.5
fcbarcelona,dr-no,,4.0
fcbarcelona,lolita,,3.0
fcbarcelona,psycho,,5.0
fcbarcelona,the-apartment,,3.5
fcbarcelona,some-like-it-hot,,5.0
fcbarcelona,vertigo,,4.0
fcbarcelona,12-angry-men,,5.0
fcbarcelona,the-man-who-knew-too-much-1956,,2.5
fcbarcelona,lady-and-the-tramp,,3.5
fcbarcelona,rear-window,,4.5
fcbarcelona,strangers-on-a-train,,4.0
fcbarcelona,citizen-kane,,4.0
fcbarcelona,city-lights,,4.5
