film_title,year,genre,runtime_mins,avg_rating,num_ratings,num_reviews,country,language,letterboxd_url,date_scraped
Harakiri,1962,History|Drama|Action,135,4.68,226729,56217,Japan,Japanese,https://letterboxd.com/film/harakiri/,2026-05-04
The Human Condition III: A Soldier’s Prayer,1961,History|Drama|War,190,4.65,29935,7269,Japan,Japanese|Chinese|Japanese|Russian,https://letterboxd.com/film/the-human-condition-iii-a-soldiers-prayer/,2026-05-04
12 Angry Men,1957,Drama,97,4.63,1473139,290773,USA,English,https://letterboxd.com/film/12-angry-men/,2026-05-04
Come and See,1985,War|Drama,142,4.61,448690,115065,USSR,Russian|Belarusian|German|Russian,https://letterboxd.com/film/come-and-see/,2026-05-04
Seven Samurai,1954,Action|Drama,207,4.6,429231,82925,Japan,Japanese,https://letterboxd.com/film/seven-samurai/,2026-05-04
High and Low,1963,Thriller|Crime|Drama,142,4.6,205965,60036,Japan,Japanese,https://letterboxd.com/film/high-and-low/,2026-05-04
The Shawshank Redemption,1994,Crime|Drama,142,4.59,2750811,284162,USA,English,https://letterboxd.com/film/the-shawshank-redemption/,2026-05-04
The Godfather Part II,1974,Drama|Crime,202,4.59,1383757,166924,USA,English|English|Italian|Latin|Spanish,https://letterboxd.com/film/the-godfather-part-ii/,2026-05-04
The Human Condition I: No Greater Love,1959,War|Drama|History,204,4.58,42059,10165,Japan,Japanese|Japanese|Chinese,https://letterboxd.com/film/the-human-condition-i-no-greater-love/,2026-05-04
City of God,2002,Drama|Crime,129,4.57,1128567,190255,Brazil|France|Germany,Portuguese,https://letterboxd.com/film/city-of-god/,2026-05-04
The Lord of the Rings: The Return of the King,2003,Action|Fantasy|Adventure,201,4.55,2198682,280625,New Zealand|USA,English,https://letterboxd.com/film/the-lord-of-the-rings-the-return-of-the-king/,2026-05-04
Schindler’s List,1993,History|Drama|War,195,4.54,1377615,108394,USA,English|German|Polish|Hebrew (modern)|English,https://letterboxd.com/film/schindlers-list/,2026-05-04
Yi Yi,2000,Drama,174,4.53,181170,56988,Taiwan|Japan,Chinese|Japanese|Chinese|English,https://letterboxd.com/film/yi-yi/,2026-05-04
Parasite,2019,Thriller|Comedy|Drama,133,4.53,5317731,699755,South Korea,Korean|English|German|Korean,https://letterboxd.com/film/parasite-2019/,2026-05-04
The Godfather,1972,Crime|Drama,175,4.52,2648627,377466,USA,English|Latin|English|Italian,https://letterboxd.com/film/the-godfather/,2026-05-04
Ikiru,1952,Drama,143,4.51,191263,45349,Japan,Japanese,https://letterboxd.com/film/ikiru/,2026-05-04
Ran,1985,Drama|History|Action,160,4.51,252481,59927,Japan|France,Japanese,https://letterboxd.com/film/ran/,2026-05-04
Cinema Paradiso,1988,Drama|Romance,155,4.51,487005,98900,Italy|France,Italian,https://letterboxd.com/film/cinema-paradiso/,2026-05-04
Le Trou,1960,Drama|Crime|Thriller,132,4.51,56100,11858,France|Italy,French,https://letterboxd.com/film/le-trou/,2026-05-04
"The Good, the Bad and the Ugly",1966,Western,161,4.51,731799,109993,USA|Italy|Spain|Germany,Italian,https://letterboxd.com/film/the-good-the-bad-and-the-ugly/,2026-05-04
La Haine,1995,Drama,98,4.5,1040001,220648,France,French,https://letterboxd.com/film/la-haine/,2026-05-04
A Brighter Summer Day,1991,Crime|Drama|Romance,237,4.5,75979,20345,Taiwan,Chinese|Chinese|English,https://letterboxd.com/film/a-brighter-summer-day/,2026-05-04
Autumn Sonata,1978,Music|Drama,93,4.49,142122,40329,Germany|Sweden|UK,Swedish|English|Swedish,https://letterboxd.com/film/autumn-sonata/,2026-05-04
The Dark Knight,2008,Thriller|Action|Crime,152,4.49,4267599,405904,UK|USA,English|English|Chinese,https://letterboxd.com/film/the-dark-knight/,2026-05-04
The Human Condition II: Road to Eternity,1959,History|Drama|War,178,4.49,29789,6239,Japan,Japanese|Chinese|Japanese|Russian,https://letterboxd.com/film/the-human-condition-ii-road-to-eternity/,2026-05-04
Grave of the Fireflies,1988,Animation|War|Drama,89,4.48,1182295,250787,Japan,Japanese,https://letterboxd.com/film/grave-of-the-fireflies/,2026-05-04
Neon Genesis Evangelion: The End of Evangelion,1997,Fantasy|Animation|Science Fiction|Drama,87,4.47,520077,112022,Japan,Japanese,https://letterboxd.com/film/neon-genesis-evangelion-the-end-of-evangelion/,2026-05-04
Woman in the Dunes,1964,Drama|Thriller,147,4.47,66857,14761,Japan,Japanese,https://letterboxd.com/film/woman-in-the-dunes/,2026-05-04
There Will Be Blood,2007,Drama,158,4.46,1284323,237185,USA,English,https://letterboxd.com/film/there-will-be-blood/,2026-05-04
The Battle of Algiers,1966,History|Drama|War,122,4.46,130985,29872,Italy|Algeria,Arabic|Arabic|English|French,https://letterboxd.com/film/the-battle-of-algiers/,2026-05-04
GoodFellas,1990,Crime|Drama,145,4.46,2110278,287056,USA,English|Italian|English,https://letterboxd.com/film/goodfellas/,2026-05-04
The Cranes Are Flying,1957,Romance|War|Drama,97,4.46,63666,16358,USSR,Russian,https://letterboxd.com/film/the-cranes-are-flying/,2026-05-04
I Am Cuba,1964,Drama,141,4.46,46870,13000,Cuba|USSR,Spanish|English|Russian|Spanish,https://letterboxd.com/film/i-am-cuba/,2026-05-04
Paths of Glory,1957,War|Drama,88,4.45,300099,55853,USA,English|German|Latin|English,https://letterboxd.com/film/paths-of-glory/,2026-05-04
Interstellar,2014,Science Fiction|Drama|Adventure,169,4.44,5613631,883094,UK|USA,English,https://letterboxd.com/film/interstellar/,2026-05-04
Incendies,2010,Mystery|Drama|War,131,4.44,568425,146434,Canada|France,French|French|Arabic|English,https://letterboxd.com/film/incendies/,2026-05-04
Spirited Away,2001,Family|Fantasy|Animation,125,4.44,3601831,397948,Japan,Japanese,https://letterboxd.com/film/spirited-away/,2026-05-04
Andrei Rublev,1966,History|Drama,183,4.44,96343,19327,USSR,Russian|Tatar|Russian|Italian,https://letterboxd.com/film/andrei-rublev/,2026-05-04
It’s a Wonderful Life,1946,Family|Fantasy|Drama,130,4.44,745289,202298,USA,English,https://letterboxd.com/film/its-a-wonderful-life/,2026-05-04
Apocalypse Now,1979,Drama|War,147,4.44,973931,155311,USA,English|Khmer|English|French|Vietnamese,https://letterboxd.com/film/apocalypse-now/,2026-05-04
The Ascent,1977,Drama|History|War,109,4.44,49507,12266,USSR,Russian|Russian|German,https://letterboxd.com/film/the-ascent/,2026-05-04
The Apartment,1960,Drama|Romance|Comedy,125,4.43,364943,98220,USA,English,https://letterboxd.com/film/the-apartment/,2026-05-04
Sunset Boulevard,1950,Drama,110,4.43,355696,83840,USA,English,https://letterboxd.com/film/sunset-boulevard/,2026-05-04
Tokyo Story,1953,Drama,137,4.43,145140,30260,Japan,Japanese|English|Japanese,https://letterboxd.com/film/tokyo-story/,2026-05-04
The Lord of the Rings: The Two Towers,2002,Action|Fantasy|Adventure,179,4.43,2150723,270265,New Zealand|USA,English,https://letterboxd.com/film/the-lord-of-the-rings-the-two-towers/,2026-05-04
Sansho the Bailiff,1954,Drama,124,4.43,38991,6983,Japan,Japanese,https://letterboxd.com/film/sansho-the-bailiff/,2026-05-04
The Passion of Joan of Arc,1928,Drama|History,81,4.42,146293,42331,France,No spoken language,https://letterboxd.com/film/the-passion-of-joan-of-arc/,2026-05-04
Whiplash,2014,Drama|Music|Thriller,107,4.42,4313967,756368,USA,English,https://letterboxd.com/film/whiplash-2014/,2026-05-04
Fanny and Alexander,1982,Mystery|Fantasy|Drama,188,4.42,74537,12696,Sweden|Germany|France,Swedish|English|German|Swedish|Yiddish,https://letterboxd.com/film/fanny-and-alexander/,2026-05-04
Portrait of a Lady on Fire,2019,Drama|Romance,121,4.42,1082632,301366,France,French|Italian|French,https://letterboxd.com/film/portrait-of-a-lady-on-fire/,2026-05-04
Mishima: A Life in Four Chapters,1985,Drama,121,4.42,110141,34519,Japan|USA,Japanese|English|Japanese,https://letterboxd.com/film/mishima-a-life-in-four-chapters/,2026-05-04
Memories of Murder,2003,Thriller|Crime|Drama,131,4.42,966659,200677,South Korea,Korean|Korean|English,https://letterboxd.com/film/memories-of-murder/,2026-05-04
Close-Up,1990,Crime|Drama,98,4.41,135729,32906,Iran,Persian (Farsi)|Azerbaijani|Persian (Farsi),https://letterboxd.com/film/close-up/,2026-05-04
Red Beard,1965,Drama,185,4.41,34406,6837,Japan,Japanese,https://letterboxd.com/film/red-beard/,2026-05-04
Life Is Beautiful,1997,Comedy|Drama,116,4.41,755126,79042,Italy,Italian,https://letterboxd.com/film/life-is-beautiful/,2026-05-04
The Red Shoes,1948,Drama|Romance,133,4.41,163686,52773,UK,English|Russian|English|French,https://letterboxd.com/film/the-red-shoes/,2026-05-04
Nobody Knows,2004,Drama,141,4.41,117188,32430,Japan,Japanese,https://letterboxd.com/film/nobody-knows/,2026-05-04
Witness for the Prosecution,1957,Crime|Mystery|Drama,116,4.41,127052,29422,USA,English|German|English,https://letterboxd.com/film/witness-for-the-prosecution-1957/,2026-05-04
Barry Lyndon,1975,Drama|War|Romance|History,188,4.41,414284,103739,UK|USA,English|German|French|English,https://letterboxd.com/film/barry-lyndon/,2026-05-04
The Pianist,2002,War|Drama,150,4.4,1233084,117111,France|Germany|Poland|UK,English|Russian|German|Polish|English,https://letterboxd.com/film/the-pianist/,2026-05-04
Nights of Cabiria,1957,Drama|Comedy,110,4.41,84775,17107,Italy|France,Italian,https://letterboxd.com/film/nights-of-cabiria/,2026-05-04
Lawrence of Arabia,1962,Adventure|War|History,228,4.4,349810,72216,UK,English|English|Arabic|Portuguese|Turkish,https://letterboxd.com/film/lawrence-of-arabia/,2026-05-04
Spider-Man: Across the Spider-Verse,2023,Animation|Science Fiction|Adventure|Action,140,4.4,3569154,720416,USA,English|English|Hindi|Italian|Spanish,https://letterboxd.com/film/spider-man-across-the-spider-verse/,2026-05-04
Farewell My Concubine,1993,Drama,171,4.4,70364,16365,China|Hong Kong,Chinese,https://letterboxd.com/film/farewell-my-concubine/,2026-05-04
The Empire Strikes Back,1980,Science Fiction|Adventure|Action,124,4.4,2171248,234983,USA,English,https://letterboxd.com/film/the-empire-strikes-back/,2026-05-04
Eternity and a Day,1998,Drama,133,4.4,45253,8731,France|Germany|Greece|Italy,Greek (modern)|English|Greek (modern)|Italian,https://letterboxd.com/film/eternity-and-a-day/,2026-05-04
Stalker,1979,Drama|Science Fiction,162,4.4,363639,83159,USSR,Russian,https://letterboxd.com/film/stalker/,2026-05-04
A Woman Under the Influence,1974,Romance|Drama,155,4.4,143126,43429,USA,English|English|Italian,https://letterboxd.com/film/a-woman-under-the-influence/,2026-05-04
Do the Right Thing,1989,Drama,120,4.4,514695,111083,USA,English|Italian|English|Spanish|Korean,https://letterboxd.com/film/do-the-right-thing/,2026-05-04
Spider-Man: Into the Spider-Verse,2018,Adventure|Animation|Action|Science Fiction,117,4.39,4407338,465756,USA,English|English|Japanese|Spanish,https://letterboxd.com/film/spider-man-into-the-spider-verse/,2026-05-04
Princess Mononoke,1997,Fantasy|Adventure|Animation,134,4.39,1628906,253187,Japan,Japanese,https://letterboxd.com/film/princess-mononoke/,2026-05-04
Satantango,1994,Drama,432,4.39,41470,13312,Germany|Hungary|Switzerland,Hungarian,https://letterboxd.com/film/satantango/,2026-05-04
The Handmaiden,2016,Thriller|Romance|Drama,167,4.39,786548,188172,South Korea,Korean|Japanese|Korean,https://letterboxd.com/film/the-handmaiden/,2026-05-04
Love Exposure,2008,Comedy|Drama|Romance|Action,237,4.39,87086,29291,Japan,Japanese,https://letterboxd.com/film/love-exposure/,2026-05-04
The Voice of Hind Rajab,2025,Drama,89,4.39,103590,45996,France|Tunisia|USA|UK|Cyprus|Saudi Arabia|Italy|Netherlands,Arabic|English|Arabic,https://letterboxd.com/film/the-voice-of-hind-rajab/,2026-05-04
The Lord of the Rings: The Fellowship of the Ring,2001,Adventure|Action|Fantasy,179,4.39,2883093,408196,New Zealand|USA,English,https://letterboxd.com/film/the-lord-of-the-rings-the-fellowship-of-the-ring/,2026-05-04
Once Upon a Time in the West,1968,Drama|Western,166,4.39,281354,42453,Italy|USA,English,https://letterboxd.com/film/once-upon-a-time-in-the-west/,2026-05-04
Paper Moon,1973,Drama|Crime|Comedy,102,4.39,111686,29948,USA,English,https://letterboxd.com/film/paper-moon/,2026-05-04
Swing Girls,2004,Comedy|Music,105,4.39,71065,32607,Japan,Japanese,https://letterboxd.com/film/swing-girls/,2026-05-04
Persona,1966,Drama,84,4.38,425555,109061,Sweden,Swedish,https://letterboxd.com/film/persona/,2026-05-04
An Elephant Sitting Still,2018,Drama,230,4.38,39772,10485,China,Chinese,https://letterboxd.com/film/an-elephant-sitting-still/,2026-05-04
Scenes from a Marriage,1974,Drama|Romance,169,4.38,56610,10777,Sweden,Swedish,https://letterboxd.com/film/scenes-from-a-marriage/,2026-05-04
Perfect Blue,1997,Thriller|Animation|Horror,82,4.38,1194764,301702,Japan,Japanese,https://letterboxd.com/film/perfect-blue/,2026-05-04
Good Will Hunting,1997,Drama,127,4.38,3169445,502716,USA,English,https://letterboxd.com/film/good-will-hunting/,2026-05-04
Dune: Part Two,2024,Adventure|Science Fiction,167,4.38,3287395,898609,USA,English,https://letterboxd.com/film/dune-part-two/,2026-05-04
In the Mood for Love,2000,Romance|Drama,99,4.38,974678,285069,Hong Kong|France,Cantonese|Cantonese|French|Spanish,https://letterboxd.com/film/in-the-mood-for-love/,2026-05-04
Where Is the Friend’s House?,1987,Drama|Adventure,83,4.38,131075,33677,Iran,Persian (Farsi),https://letterboxd.com/film/where-is-the-friends-house/,2026-05-04
A Separation,2011,Drama,123,4.37,192981,27047,Iran|France,Persian (Farsi),https://letterboxd.com/film/a-separation/,2026-05-04
Sherlock Jr.,1924,Comedy|Action|Mystery,45,4.37,130748,38964,USA,No spoken language,https://letterboxd.com/film/sherlock-jr/,2026-05-04
Se7en,1995,Mystery|Crime|Thriller,127,4.37,3501998,482397,USA,English,https://letterboxd.com/film/se7en/,2026-05-04
Apur Sansar,1959,Drama,105,4.37,31169,5985,India,"Bengali, Bangla|Bengali, Bangla|English",https://letterboxd.com/film/apur-sansar/,2026-05-04
"Paris, Texas",1984,Drama,145,4.37,697136,202655,UK|Germany|France,English|English|Spanish,https://letterboxd.com/film/paris-texas/,2026-05-04
One Flew Over the Cuckoo’s Nest,1975,Drama,133,4.37,955900,110547,USA,English,https://letterboxd.com/film/one-flew-over-the-cuckoos-nest/,2026-05-04
Z,1969,Thriller|Drama|Crime,122,4.37,53105,11601,Algeria|France,French|French|Russian,https://letterboxd.com/film/z/,2026-05-04
Oldboy,2003,Thriller|Mystery|Drama|Action,120,4.36,1520669,330399,South Korea,Korean,https://letterboxd.com/film/oldboy/,2026-05-04
Rear Window,1954,Thriller|Mystery|Drama,112,4.36,818153,143970,USA,English,https://letterboxd.com/film/rear-window/,2026-05-04
Landscape in the Mist,1988,Drama,125,4.36,34460,6922,France|Greece|Italy,Greek (modern),https://letterboxd.com/film/landscape-in-the-mist/,2026-05-04
Inglourious Basterds,2009,War|Drama|Thriller,153,4.36,3548902,428882,Germany|USA,English|German|English|French|Italian,https://letterboxd.com/film/inglourious-basterds/,2026-05-04
All About Eve,1950,Drama,139,4.36,143560,30518,USA,English|English|French,https://letterboxd.com/film/all-about-eve/,2026-05-04
Army of Shadows,1969,History|War|Thriller|Drama,145,4.36,64403,11670,France|Italy,French|German|French|English,https://letterboxd.com/film/army-of-shadows/,2026-05-04
It’s Such a Beautiful Day,2012,Animation|Comedy,62,4.36,125178,40168,USA,English,https://letterboxd.com/film/its-such-a-beautiful-day/,2026-05-04
The Wages of Fear,1953,Adventure|Thriller|Drama,153,4.36,65922,14098,France|Italy,French|French|English|Spanish|Italian|German,https://letterboxd.com/film/the-wages-of-fear/,2026-05-04
Judgment at Nuremberg,1961,Drama|History,191,4.36,48773,9387,USA,English|German|English,https://letterboxd.com/film/judgment-at-nuremberg/,2026-05-04
Howl’s Moving Castle,2004,Animation|Fantasy|Adventure,119,4.36,2442356,355790,Japan,Japanese,https://letterboxd.com/film/howls-moving-castle/,2026-05-04
Central Station,1998,Drama,111,4.36,216130,73503,Brazil|France,Portuguese,https://letterboxd.com/film/central-station/,2026-05-04
Amadeus,1984,Drama|History|Music,180,4.36,525055,93015,USA,English|Latin|English|Italian|German,https://letterboxd.com/film/amadeus/,2026-05-04
Chainsaw Man – The Movie: Reze Arc,2025,Fantasy|Romance|Action|Animation,99,4.35,527248,215809,Japan,Japanese,https://letterboxd.com/film/chainsaw-man-the-movie-reze-arc/,2026-05-04
Ordet,1955,Drama,125,4.35,37042,7033,Denmark,Danish,https://letterboxd.com/film/ordet/,2026-05-04
The Thing,1982,Mystery|Science Fiction|Horror,109,4.35,1268765,296839,USA,English|English|Norwegian,https://letterboxd.com/film/the-thing/,2026-05-04
How to Make Millions Before Grandma Dies,2024,Drama,126,4.35,260454,99995,Thailand,Thai,https://letterboxd.com/film/how-to-make-millions-before-grandma-dies/,2026-05-04
A Man Escaped,1956,Drama|Thriller,101,4.35,70687,14627,France,French|German|French,https://letterboxd.com/film/a-man-escaped/,2026-05-04
Dead Poets Society,1989,Drama,129,4.35,3539808,777313,USA,English|English|Latin,https://letterboxd.com/film/dead-poets-society/,2026-05-04
Raise the Red Lantern,1991,Drama,125,4.35,54787,9830,China|Hong Kong|Taiwan,Chinese,https://letterboxd.com/film/raise-the-red-lantern/,2026-05-04
Singin’ in the Rain,1952,Comedy|Romance,103,4.34,624786,160833,USA,English,https://letterboxd.com/film/singin-in-the-rain/,2026-05-04
All That Jazz,1979,Music|Drama,123,4.34,137923,50172,USA,English,https://letterboxd.com/film/all-that-jazz/,2026-05-04
Still Walking,2008,Family|Drama,114,4.34,64446,15219,Japan,Japanese,https://letterboxd.com/film/still-walking/,2026-05-04
A Special Day,1977,Drama|Romance,106,4.34,45977,8100,Italy|Canada,Italian,https://letterboxd.com/film/a-special-day/,2026-05-04
The Departed,2006,Thriller|Crime|Drama,151,4.34,1543135,201070,Hong Kong|USA,English|English|Cantonese,https://letterboxd.com/film/the-departed/,2026-05-04
I’m Still Here,2024,Drama|History,138,4.34,773907,294802,Brazil|France,Portuguese,https://letterboxd.com/film/im-still-here-2024/,2026-05-04
The Silence of the Lambs,1991,Crime|Thriller|Horror|Drama,119,4.34,3016667,398142,USA,English,https://letterboxd.com/film/the-silence-of-the-lambs/,2026-05-04
Monster,2023,Thriller|Mystery|Drama,125,4.34,428022,140405,Japan,Japanese,https://letterboxd.com/film/monster-2023/,2026-05-04
Three Colours: Red,1994,Mystery|Drama|Romance,100,4.34,188358,33895,France|Poland|Switzerland,French,https://letterboxd.com/film/three-colours-red/,2026-05-04
To Be or Not to Be,1942,Comedy|War|Romance,99,4.34,68842,15246,USA,English|German|French|English,https://letterboxd.com/film/to-be-or-not-to-be/,2026-05-04
Late Spring,1949,Drama,108,4.33,65099,15041,Japan,Japanese,https://letterboxd.com/film/late-spring/,2026-05-04
Django Unchained,2012,Drama|Western,165,4.33,3181484,281263,USA,English|English|French|German,https://letterboxd.com/film/django-unchained/,2026-05-04
Twin Peaks: Fire Walk with Me,1992,Drama|Mystery|Horror,135,4.33,449010,158911,USA,English|English|Latin,https://letterboxd.com/film/twin-peaks-fire-walk-with-me/,2026-05-04
Wild Strawberries,1957,Drama,91,4.33,174700,30686,Sweden,Swedish|Latin|Swedish,https://letterboxd.com/film/wild-strawberries/,2026-05-04
Prisoners,2013,Thriller|Crime|Drama,153,4.33,2187378,315088,USA,English,https://letterboxd.com/film/prisoners/,2026-05-04
Das Boot,1981,Drama|War|History,150,4.33,110773,12888,Germany,German|German|English|French,https://letterboxd.com/film/das-boot/,2026-05-04
City Lights,1931,Drama|Comedy|Romance,87,4.33,184053,30417,USA,No spoken language,https://letterboxd.com/film/city-lights/,2026-05-04
Funeral Parade of Roses,1969,Drama,105,4.33,72440,22281,Japan,Japanese,https://letterboxd.com/film/funeral-parade-of-roses/,2026-05-04
The Great Dictator,1940,Comedy|War,125,4.33,189679,24981,USA,English|English|Esperanto,https://letterboxd.com/film/the-great-dictator/,2026-05-04
The Seventh Seal,1957,Fantasy|Drama,96,4.33,399925,78302,Sweden,Swedish,https://letterboxd.com/film/the-seventh-seal/,2026-05-04
Rocco and His Brothers,1960,Romance|Crime|Drama,178,4.33,44029,8075,France|Italy,Italian,https://letterboxd.com/film/rocco-and-his-brothers/,2026-05-04
Taste of Cherry,1997,Drama,99,4.32,204226,51329,Iran|France,Persian (Farsi),https://letterboxd.com/film/taste-of-cherry/,2026-05-04
Pather Panchali,1955,Drama|History,125,4.32,67722,14540,India,"Bengali, Bangla",https://letterboxd.com/film/pather-panchali/,2026-05-04
Brief Encounter,1945,Romance|Drama,86,4.32,108766,33386,UK,English,https://letterboxd.com/film/brief-encounter/,2026-05-04
Project Hail Mary,2026,Science Fiction|Adventure,156,4.32,2540710,1242915,USA,English|Chinese|English|Russian,https://letterboxd.com/film/project-hail-mary/,2026-05-04
Underground,1995,Comedy|Drama|War,170,4.32,41734,6774,Yugoslavia|Czechia|France|Germany|Hungary,Serbian|English|French|German|Russian|Serbian,https://letterboxd.com/film/underground-1995/,2026-05-04
The Young Girls of Rochefort,1967,Romance|Comedy|Drama,126,4.32,116984,42427,France,French,https://letterboxd.com/film/the-young-girls-of-rochefort/,2026-05-04
Mirror,1975,History|Drama,107,4.32,183059,45647,USSR,Russian|Russian|Spanish,https://letterboxd.com/film/mirror/,2026-05-04
The Celebration,1998,Drama,101,4.32,146190,33745,Denmark|Sweden,Danish|Danish|German|English,https://letterboxd.com/film/the-celebration/,2026-05-04
Mommy,2014,Drama,138,4.32,262055,56428,Canada,French|French|English,https://letterboxd.com/film/mommy-2014/,2026-05-04
Before Sunset,2004,Drama|Romance,80,4.31,872971,224647,USA,English|English|French,https://letterboxd.com/film/before-sunset/,2026-05-04
Nirvanna the Band the Show the Movie,2025,Comedy|Adventure|Science Fiction,100,4.31,157205,102894,Canada,English,https://letterboxd.com/film/nirvanna-the-band-the-show-the-movie/,2026-05-04
Perfect Days,2023,Drama,124,4.31,809312,262903,Germany|Japan,Japanese|English|Japanese,https://letterboxd.com/film/perfect-days-2023/,2026-05-04
Tampopo,1985,Comedy,115,4.31,153140,54242,Japan,Japanese,https://letterboxd.com/film/tampopo/,2026-05-04
No Country for Old Men,2007,Crime|Thriller|Western,122,4.31,2126090,293363,USA,English|English|Spanish,https://letterboxd.com/film/no-country-for-old-men/,2026-05-04
Psycho,1960,Mystery|Thriller|Horror,109,4.31,1343568,202496,USA,English,https://letterboxd.com/film/psycho/,2026-05-04
Werckmeister Harmonies,2000,Drama,139,4.31,45140,11168,France|Germany|Hungary,Hungarian|Hungarian|Slovak,https://letterboxd.com/film/werckmeister-harmonies/,2026-05-04
Wings of Desire,1987,Drama|Fantasy|Romance,128,4.31,187578,44561,Germany|France,German|Turkish|Hebrew (modern)|German|Japanese|French|English|Spanish,https://letterboxd.com/film/wings-of-desire/,2026-05-04
Dog Day Afternoon,1975,Thriller|Crime|Drama,124,4.31,518483,125816,USA,English,https://letterboxd.com/film/dog-day-afternoon/,2026-05-04
Sing Sing,2023,Drama,107,4.31,316639,127152,USA,English,https://letterboxd.com/film/sing-sing-2023/,2026-05-04
Heat,1995,Crime|Action|Drama,170,4.31,1137132,247253,USA,English|English|Spanish,https://letterboxd.com/film/heat-1995/,2026-05-04
Shoplifters,2018,Drama|Thriller|Crime,120,4.31,295892,49119,Japan,Japanese,https://letterboxd.com/film/shoplifters/,2026-05-04
Puella Magi Madoka Magica the Movie Part III: Rebellion,2013,Mystery|Animation|Fantasy,117,4.3,32965,8849,Japan,Japanese|German|Japanese,https://letterboxd.com/film/puella-magi-madoka-magica-the-movie-part-iii-rebellion/,2026-05-04
The 400 Blows,1959,Drama,99,4.3,281344,50201,France,French|English|French,https://letterboxd.com/film/the-400-blows/,2026-05-04
Dr. Strangelove or: How I Learned to Stop Worrying and Love the Bomb,1964,Comedy|War,95,4.3,608988,110544,UK|USA,English,https://letterboxd.com/film/dr-strangelove-or-how-i-learned-to-stop-worrying-and-love-the-bomb/,2026-05-04
Chinatown,1974,Thriller|Mystery|Crime|Drama,130,4.3,481114,85682,USA,English|Spanish|Cantonese|English,https://letterboxd.com/film/chinatown/,2026-05-04
Before Sunrise,1995,Romance|Drama,101,4.3,1433525,410483,Austria|USA,English|English|German|French,https://letterboxd.com/film/before-sunrise/,2026-05-04
The Cremator,1969,Horror|Drama|Comedy,96,4.3,50610,12967,Czechoslovakia,Czech,https://letterboxd.com/film/the-cremator/,2026-05-04
The Elephant Man,1980,History|Drama,124,4.3,427245,82434,USA,English,https://letterboxd.com/film/the-elephant-man/,2026-05-04
Children of Men,2006,Science Fiction|Thriller|Action,109,4.3,795126,125592,UK|USA,English,https://letterboxd.com/film/children-of-men/,2026-05-04
Yojimbo,1961,Thriller|Drama,110,4.3,181190,37543,Japan,Japanese,https://letterboxd.com/film/yojimbo/,2026-05-04
Dersu Uzala,1975,Drama|Adventure,141,4.3,41402,7834,Japan|USSR,Russian,https://letterboxd.com/film/dersu-uzala/,2026-05-04
Fantastic Mr. Fox,2009,Comedy|Animation|Family|Adventure,87,4.3,2709730,521326,USA,English|English|French|Latin,https://letterboxd.com/film/fantastic-mr-fox/,2026-05-04
Opening Night,1977,Drama,144,4.3,60391,18082,USA,English,https://letterboxd.com/film/opening-night/,2026-05-04
The Treasure of the Sierra Madre,1948,Drama|Western|Adventure,126,4.29,87945,13970,USA,English|English|Spanish,https://letterboxd.com/film/the-treasure-of-the-sierra-madre/,2026-05-04
Children of Paradise,1945,Drama|Romance,190,4.29,26399,4545,France,French,https://letterboxd.com/film/children-of-paradise/,2026-05-04
The Lives of Others,2006,Drama|Thriller,137,4.29,199561,19080,Germany|France,German,https://letterboxd.com/film/the-lives-of-others/,2026-05-04
M,1931,Thriller|Drama|Crime,110,4.29,213464,38686,Germany,German,https://letterboxd.com/film/m/,2026-05-04
The Sacrifice,1986,Drama,149,4.29,93435,19779,Sweden,Swedish|Icelandic|French|Swedish|English,https://letterboxd.com/film/the-sacrifice/,2026-05-04
The Father,2020,Drama,97,4.29,424566,80473,France|UK,English,https://letterboxd.com/film/the-father-2020/,2026-05-04
Azur & Asmar: The Princes’ Quest,2006,Family|Animation,99,4.29,73720,11169,Belgium|France|Italy|Spain,French,https://letterboxd.com/film/azur-asmar-the-princes-quest/,2026-05-04
Malcolm X,1992,History|Drama,202,4.29,203436,38505,USA|Netherlands Antilles,English|Arabic|English,https://letterboxd.com/film/malcolm-x-1992/,2026-05-04
Terminator 2: Judgment Day,1991,Thriller|Action|Science Fiction,137,4.29,970760,110159,France|USA,English|English|Spanish,https://letterboxd.com/film/terminator-2-judgment-day/,2026-05-04
La Notte,1961,Drama|Romance,122,4.29,76662,14997,Italy|France,Italian,https://letterboxd.com/film/la-notte/,2026-05-04
Secrets & Lies,1996,Drama,142,4.29,64112,13853,UK|France,English|English|Greek (modern),https://letterboxd.com/film/secrets-lies/,2026-05-04
We All Loved Each Other So Much,1974,Drama|Comedy,125,4.29,28448,5249,Italy,Italian,https://letterboxd.com/film/we-all-loved-each-other-so-much/,2026-05-04
Bicycle Thieves,1948,Drama,89,4.29,270923,52069,Italy,Italian,https://letterboxd.com/film/bicycle-thieves/,2026-05-04
Evangelion: 3.0+1.0 Thrice Upon a Time,2021,Drama|Science Fiction|Action|Animation,155,4.29,131504,35163,Japan,Japanese,https://letterboxd.com/film/evangelion-3010-thrice-upon-a-time/,2026-05-04
The Man Who Shot Liberty Valance,1962,Western,123,4.29,93581,17659,USA,English,https://letterboxd.com/film/the-man-who-shot-liberty-valance/,2026-05-04
The Hunt,2012,Drama,116,4.29,584325,102189,Denmark|Sweden,Danish|Danish|Polish|English,https://letterboxd.com/film/the-hunt-2012/,2026-05-04
Nostalgia,1983,Drama|Romance,124,4.28,80138,16824,Italy|USSR,Russian|Italian|Russian,https://letterboxd.com/film/nostalgia-1983/,2026-05-04
The Green Mile,1999,Drama|Crime|Fantasy,189,4.28,1300312,108928,USA,English|French|English,https://letterboxd.com/film/the-green-mile/,2026-05-04
Fail Safe,1964,Drama|Thriller|War,112,4.28,35972,9854,USA,English|English|Russian,https://letterboxd.com/film/fail-safe/,2026-05-04
The Prestige,2006,Science Fiction|Drama|Mystery,130,4.28,1811795,243012,UK|USA,English,https://letterboxd.com/film/the-prestige/,2026-05-04
"Life, and Nothing More…",1992,Drama|Adventure,95,4.28,41171,9283,Iran,Persian (Farsi),https://letterboxd.com/film/life-and-nothing-more/,2026-05-04
Akira,1988,Action|Animation|Science Fiction,124,4.28,825541,138225,Japan,Japanese,https://letterboxd.com/film/akira/,2026-05-04
The Iron Giant,1999,Animation|Drama|Science Fiction|Family,86,4.28,666952,72368,USA,English,https://letterboxd.com/film/the-iron-giant/,2026-05-04
Chungking Express,1994,Comedy|Drama|Romance,103,4.28,748381,216826,Hong Kong,"Cantonese|Cantonese|Hindi|Eastern Punjabi, Eastern Panjabi|Japanese|Chinese|Urdu|English",https://letterboxd.com/film/chungking-express/,2026-05-04
Casablanca,1942,Drama|Romance,102,4.28,804606,165698,USA,English|German|French|Italian|English,https://letterboxd.com/film/casablanca/,2026-05-04
Song of the Sea,2014,Fantasy|Animation|Family,94,4.28,151363,28218,Ireland|Luxembourg|Belgium|Denmark,English|Irish|French|Galician|English,https://letterboxd.com/film/song-of-the-sea/,2026-05-04
Cure,1997,Crime|Mystery|Thriller|Horror,111,4.28,341330,106907,Japan,Japanese,https://letterboxd.com/film/cure/,2026-05-04
Ace in the Hole,1951,Drama,111,4.28,60416,12605,USA,English|Latin|Spanish|English,https://letterboxd.com/film/ace-in-the-hole/,2026-05-04
Ritual,2000,Drama,128,4.27,38637,12810,Japan,Japanese,https://letterboxd.com/film/ritual-2000/,2026-05-04
8½,1963,Drama,139,4.27,259040,54397,Italy|France,Italian|German|English|French|Italian,https://letterboxd.com/film/8-half/,2026-05-04
Some Like It Hot,1959,Romance|Crime|Comedy,123,4.27,375587,80012,USA,English,https://letterboxd.com/film/some-like-it-hot/,2026-05-04
Look Back,2024,Animation|Drama,58,4.27,440023,160421,Japan,Japanese,https://letterboxd.com/film/look-back-2024/,2026-05-04
Fight Club,1999,Drama|Thriller,139,4.27,5328402,722620,Germany|USA,English,https://letterboxd.com/film/fight-club/,2026-05-04
Throne of Blood,1957,History|Drama,108,4.27,117191,26962,Japan,Japanese,https://letterboxd.com/film/throne-of-blood/,2026-05-04
Interstella 5555: The 5tory of the 5ecret 5tar 5ystem,2003,Adventure|Science Fiction|Music|Animation,68,4.27,79207,28367,France|Japan,No spoken language,https://letterboxd.com/film/interstella-5555-the-5tory-of-the-5ecret-5tar-5ystem/,2026-05-04
Who’s Afraid of Virginia Woolf?,1966,Drama,131,4.27,90318,22441,USA,English|English|Latin,https://letterboxd.com/film/whos-afraid-of-virginia-woolf/,2026-05-04
La Dolce Vita,1960,Drama|Comedy,176,4.27,151357,23586,France|Italy,Italian|German|English|French|Italian,https://letterboxd.com/film/la-dolce-vita/,2026-05-04
Sorcerer,1977,Drama|Thriller|Adventure,122,4.27,150329,53263,USA,English|English|French|German|Spanish,https://letterboxd.com/film/sorcerer/,2026-05-04
Rififi,1955,Crime|Drama|Thriller,118,4.27,45482,8460,France,French|French|Italian|English,https://letterboxd.com/film/rififi/,2026-05-04
Mary and Max,2009,Animation|Drama|Comedy,92,4.27,197346,37752,Australia,English|English|Yiddish,https://letterboxd.com/film/mary-and-max/,2026-05-04
"Jeanne Dielman, 23, quai du Commerce, 1080 Bruxelles",1975,Drama,202,4.26,94309,33770,Belgium|France,French,https://letterboxd.com/film/jeanne-dielman-23-quai-du-commerce-1080-bruxelles/,2026-05-04
A Matter of Life and Death,1946,Comedy|Romance|Drama|Fantasy,104,4.26,55472,16246,UK,English|English|French|Russian,https://letterboxd.com/film/a-matter-of-life-and-death/,2026-05-04
Aparajito,1956,Drama,110,4.26,31701,5643,India,"Bengali, Bangla|Bengali, Bangla|Sanskrit (Saṁskṛta)|English",https://letterboxd.com/film/aparajito/,2026-05-04
Ugetsu,1953,Fantasy|Drama|Mystery,96,4.26,63151,12328,Japan,Japanese,https://letterboxd.com/film/ugetsu/,2026-05-04
Network,1976,Drama,122,4.26,223325,54316,USA,English,https://letterboxd.com/film/network/,2026-05-04
The Tale of The Princess Kaguya,2013,Drama|Fantasy|Animation,137,4.26,298327,53062,Japan,Japanese,https://letterboxd.com/film/the-tale-of-the-princess-kaguya/,2026-05-04
Mulholland Drive,2001,Drama|Mystery|Thriller,147,4.26,1230507,367712,France|USA,English|Spanish|English,https://letterboxd.com/film/mulholland-drive/,2026-05-04
Il Sorpasso,1962,Comedy|Adventure|Drama,105,4.26,37110,6735,Italy,Italian|German|Italian|Latin,https://letterboxd.com/film/il-sorpasso/,2026-05-04
Modern Times,1936,Drama|Romance|Comedy,87,4.26,271950,34805,USA,English,https://letterboxd.com/film/modern-times/,2026-05-04
Umberto D.,1952,Drama,91,4.26,49177,9590,Italy,Italian,https://letterboxd.com/film/umberto-d/,2026-05-04
The Night of the Hunter,1955,Drama|Crime|Thriller|Horror,93,4.26,237132,60997,USA,English,https://letterboxd.com/film/the-night-of-the-hunter/,2026-05-04
Double Indemnity,1944,Crime|Thriller,107,4.25,219205,51479,USA,English,https://letterboxd.com/film/double-indemnity/,2026-05-04
The Face of Another,1966,Science Fiction|Drama,122,4.25,57730,12546,Japan,Japanese|German|Japanese,https://letterboxd.com/film/the-face-of-another/,2026-05-04
Saving Private Ryan,1998,History|Drama|War,169,4.25,1442231,105273,USA,English|Czech|German|English|French,https://letterboxd.com/film/saving-private-ryan/,2026-05-04
I Swear,2025,History|Drama,120,4.25,233770,77480,UK|Ireland,English,https://letterboxd.com/film/i-swear/,2026-05-04
The Holdovers,2023,Drama|Comedy,133,4.25,1566060,556051,USA,English,https://letterboxd.com/film/the-holdovers/,2026-05-04
Winter Light,1963,Drama,80,4.25,74922,15954,Sweden,Swedish,https://letterboxd.com/film/winter-light/,2026-05-04
The First Slam Dunk,2022,Animation|Comedy|Drama,40,4.25,75814,22602,Japan,Japanese,https://letterboxd.com/film/the-first-slam-dunk/,2026-05-04
A Moment of Innocence,1996,Drama|Comedy,78,4.25,26069,6231,Iran|France,Persian (Farsi),https://letterboxd.com/film/a-moment-of-innocence/,2026-05-04
The Fall,2006,Adventure|Drama|Fantasy,117,4.25,199425,57686,USA,English|English|Romanian|Latin,https://letterboxd.com/film/the-fall/,2026-05-04
Kes,1969,Drama,111,4.25,58330,12323,UK,English,https://letterboxd.com/film/kes/,2026-05-04
Tokyo Godfathers,2003,Drama|Comedy|Animation,92,4.25,257544,60953,Japan,Japanese|English|Japanese|Spanish,https://letterboxd.com/film/tokyo-godfathers/,2026-05-04
Alien,1979,Horror|Science Fiction,117,4.25,1844885,313921,USA|UK,English|English|Spanish,https://letterboxd.com/film/alien/,2026-05-04
2001: A Space Odyssey,1968,Science Fiction|Adventure|Mystery,149,4.25,1455589,279173,UK|USA,English|English|Russian,https://letterboxd.com/film/2001-a-space-odyssey/,2026-05-04
The Best Years of Our Lives,1946,Drama|Romance,171,4.25,48312,10184,USA,English,https://letterboxd.com/film/the-best-years-of-our-lives/,2026-05-04
"4 Months, 3 Weeks and 2 Days",2007,Drama,4,4.25,60617,8841,Belgium|Romania,Romanian,https://letterboxd.com/film/4-months-3-weeks-and-2-days/,2026-05-04
Everything Everywhere All at Once,2022,Science Fiction|Adventure|Comedy|Action,140,4.24,3855952,845688,USA,English|Cantonese|Chinese|English,https://letterboxd.com/film/everything-everywhere-all-at-once/,2026-05-04
The Bridge on the River Kwai,1957,War|History|Drama,162,4.24,116725,15929,UK,English|Japanese|Thai|English,https://letterboxd.com/film/the-bridge-on-the-river-kwai/,2026-05-04
Macario,1960,Drama|Fantasy,91,4.25,31289,7506,Mexico,Spanish,https://letterboxd.com/film/macario/,2026-05-04
The Sound of Music,1965,Drama|Music|Romance|Family,174,4.25,656542,121374,USA,English|English|German,https://letterboxd.com/film/the-sound-of-music/,2026-05-04
Anatomy of a Murder,1959,Crime|Mystery|Drama,161,4.24,90678,18801,USA,English,https://letterboxd.com/film/anatomy-of-a-murder/,2026-05-04
"Quo Vadis, Aida?",2020,War|Drama|History,104,4.24,45236,8674,Austria|Bosnia and Herzegovina|France|Germany|Netherlands|Norway|Poland|Romania|Turkey,Serbian|English|Bosnian|Dutch|Serbo-Croatian|Serbian,https://letterboxd.com/film/quo-vadis-aida/,2026-05-04
Metropolis,1927,Drama|Science Fiction,148,4.24,262210,47438,Germany,No spoken language,https://letterboxd.com/film/metropolis/,2026-05-04
Marcel the Shell with Shoes On,2021,Animation|Drama|Comedy|Family,90,4.24,368141,136368,USA,English|Spanish|English|Portuguese,https://letterboxd.com/film/marcel-the-shell-with-shoes-on-2021/,2026-05-04
The Secret in Their Eyes,2009,Thriller|Drama|Mystery,130,4.24,194567,35481,Argentina|Spain,Spanish,https://letterboxd.com/film/the-secret-in-their-eyes/,2026-05-04
Son of the White Mare,1981,Adventure|Animation|Fantasy,86,4.24,27611,9946,Hungary,Hungarian,https://letterboxd.com/film/son-of-the-white-mare/,2026-05-04
The Grand Budapest Hotel,2014,Comedy|Drama,100,4.24,3102986,460275,USA|Germany,English|English|French,https://letterboxd.com/film/the-grand-budapest-hotel/,2026-05-04
Kwaidan,1964,Fantasy|Horror|Drama,183,4.24,60518,14917,Japan,Japanese,https://letterboxd.com/film/kwaidan/,2026-05-04
Sweet Smell of Success,1957,Drama,97,4.24,67182,17954,USA,English,https://letterboxd.com/film/sweet-smell-of-success/,2026-05-04
Vada Chennai,2018,Action|Crime|Drama,166,4.24,26341,4859,India,Tamil,https://letterboxd.com/film/vada-chennai/,2026-05-04
Eternal Sunshine of the Spotless Mind,2004,Science Fiction|Romance|Drama,108,4.24,3458456,695308,USA,English,https://letterboxd.com/film/eternal-sunshine-of-the-spotless-mind/,2026-05-04
Poetry,2010,Drama,139,4.24,36979,6705,South Korea,Korean,https://letterboxd.com/film/poetry/,2026-05-04
For a Few Dollars More,1965,Western,132,4.24,258281,42350,Germany|Italy|Spain,Italian,https://letterboxd.com/film/for-a-few-dollars-more/,2026-05-04
Time of the Gypsies,1988,Fantasy|Comedy|Drama|Crime,142,4.24,27393,3458,Italy|UK|Yugoslavia,Serbo-Croatian|Italian|Serbo-Croatian,https://letterboxd.com/film/time-of-the-gypsies/,2026-05-04
WALL·E,2008,Animation|Science Fiction|Family,98,4.24,2628646,166960,USA,English,https://letterboxd.com/film/walle/,2026-05-04
The Third Man,1949,Thriller|Mystery,105,4.24,191017,39218,UK,English|English|Russian|German,https://letterboxd.com/film/the-third-man/,2026-05-04
Kamikaze Girls,2004,Comedy,102,4.24,75597,30964,Japan,Japanese,https://letterboxd.com/film/kamikaze-girls/,2026-05-04
Pulp Fiction,1994,Comedy|Thriller|Crime,154,4.24,4162139,452175,USA,English|English|Spanish|French,https://letterboxd.com/film/pulp-fiction/,2026-05-04
The Life and Death of Colonel Blimp,1943,Comedy|War|Drama|Romance,163,4.24,27777,6892,UK,English|English|French|German,https://letterboxd.com/film/the-life-and-death-of-colonel-blimp/,2026-05-04
The King of Comedy,1982,Comedy|Drama,109,4.24,414385,93768,USA,English,https://letterboxd.com/film/the-king-of-comedy/,2026-05-04
The Lovers on the Bridge,1991,Drama|Romance,126,4.24,58605,14463,France,French,https://letterboxd.com/film/the-lovers-on-the-bridge/,2026-05-04
An Autumn Afternoon,1962,Drama,113,4.24,33756,7220,Japan,Japanese,https://letterboxd.com/film/an-autumn-afternoon/,2026-05-04
Dreams,1990,Drama|Fantasy,119,4.23,104496,28421,Japan|USA,Japanese|Japanese|French|English,https://letterboxd.com/film/dreams/,2026-05-04
Millennium Actress,2001,Drama|Romance|Animation,87,4.23,153236,37455,Japan,Japanese,https://letterboxd.com/film/millennium-actress/,2026-05-04
Amour,2012,Drama|Romance,127,4.23,145042,20786,France|Germany|Austria,French|French|English,https://letterboxd.com/film/amour/,2026-05-04
Kagemusha,1980,Action|Drama|War|History,180,4.23,48050,8575,Japan|USA,Japanese,https://letterboxd.com/film/kagemusha/,2026-05-04
Wolfwalkers,2020,Animation|Family|Fantasy|Adventure,102,4.23,173022,42219,France|Ireland|Luxembourg|USA|China,English|Irish|English,https://letterboxd.com/film/wolfwalkers/,2026-05-04
Inception,2010,Action|Adventure|Science Fiction,148,4.23,3958816,357309,UK|USA,English|English|French|Japanese|Swahili,https://letterboxd.com/film/inception/,2026-05-04
Ratatouille,2007,Family|Fantasy|Animation|Comedy,111,4.23,3587653,297003,USA,English|English|French,https://letterboxd.com/film/ratatouille/,2026-05-04
Your Name.,2016,Romance|Animation|Drama,106,4.23,1483509,186962,Japan,Japanese,https://letterboxd.com/film/your-name/,2026-05-04
Embrace of the Serpent,2015,Drama|Adventure,125,4.23,40911,6470,Argentina|Colombia|Venezuela,Spanish|Catalan|German|Latin|Portuguese|Spanish,https://letterboxd.com/film/embrace-of-the-serpent/,2026-05-04
The Turin Horse,2011,Drama,155,4.23,44290,9234,Hungary|Switzerland|France|Germany,Hungarian|German|Hungarian,https://letterboxd.com/film/the-turin-horse/,2026-05-04
The Devils,1971,Drama|History|Horror,112,4.23,74690,24906,UK,English|Latin|English,https://letterboxd.com/film/the-devils/,2026-05-04
The Lion King,1994,Animation|Drama|Family,89,4.23,2046573,101138,USA,English,https://letterboxd.com/film/the-lion-king/,2026-05-04
Trainspotting,1996,Crime|Drama,94,4.23,1191111,203454,UK,English,https://letterboxd.com/film/trainspotting/,2026-05-04
Once Upon a Time in America,1984,Crime|Drama,229,4.23,302150,39992,USA|Italy,English|English|Hebrew (modern)|Yiddish|Italian|French,https://letterboxd.com/film/once-upon-a-time-in-america/,2026-05-04
The White Ribbon,2009,Drama|Mystery,144,4.23,84447,10450,Italy|Germany|Austria|France,German|German|Italian|Polish,https://letterboxd.com/film/the-white-ribbon/,2026-05-04
Magnolia,1999,Drama,189,4.22,575064,139246,USA,English|English|French|German,https://letterboxd.com/film/magnolia/,2026-05-04
Solaris,1972,Mystery|Science Fiction|Drama,167,4.22,204536,42013,USSR,Russian,https://letterboxd.com/film/solaris/,2026-05-04
Fireworks,1997,Drama|Crime,103,4.22,78328,17035,Japan,Japanese,https://letterboxd.com/film/fireworks-1997/,2026-05-04
The Truman Show,1998,Comedy|Drama,103,4.22,4635305,511146,USA,English|Japanese|English|Italian|Spanish,https://letterboxd.com/film/the-truman-show/,2026-05-04
Vertigo,1958,Thriller|Romance|Mystery,128,4.22,798842,149873,USA,English,https://letterboxd.com/film/vertigo/,2026-05-04
Dancer in the Dark,2000,Drama|Crime,140,4.22,206511,50114,Denmark|Finland|France|Germany|Iceland|Netherlands|Norway|Sweden,English,https://letterboxd.com/film/dancer-in-the-dark/,2026-05-04
The Shining,1980,Horror|Thriller,144,4.22,3110207,420472,UK|USA,English,https://letterboxd.com/film/the-shining/,2026-05-04
Shame,1968,War|Drama,104,4.22,30275,5439,Sweden,Swedish,https://letterboxd.com/film/shame/,2026-05-04
The Young and the Damned,1950,Crime|Drama,82,4.22,56117,11043,Mexico,Spanish,https://letterboxd.com/film/the-young-and-the-damned/,2026-05-04
Le Samouraï,1967,Drama|Thriller|Crime,105,4.22,207732,51166,France|Italy,French,https://letterboxd.com/film/le-samourai/,2026-05-04
The Man Who Sleeps,1974,Drama,77,4.22,47432,14960,France|Tunisia,French,https://letterboxd.com/film/the-man-who-sleeps/,2026-05-04
Cria!,1976,Drama,105,4.22,29504,6510,Spain,Spanish,https://letterboxd.com/film/cria/,2026-05-04
Capernaum,2018,Drama,126,4.22,130710,19071,France|Lebanon|UK|USA,Arabic|Amharic|Arabic,https://letterboxd.com/film/capernaum/,2026-05-04
"They Shoot Horses, Don’t They?",1969,Drama,120,4.22,30713,8664,USA,English,https://letterboxd.com/film/they-shoot-horses-dont-they/,2026-05-04
Kill Bill: Vol. 1,2003,Crime|Action,111,4.22,3151260,473712,USA,English|English|Japanese|French,https://letterboxd.com/film/kill-bill-vol-1/,2026-05-04
Thelma & Louise,1991,Drama|Adventure|Crime|Thriller,130,4.22,534852,125732,UK|USA,English,https://letterboxd.com/film/thelma-louise/,2026-05-04
Children of Heaven,1997,Drama|Family,88,4.22,57501,8985,Iran,Persian (Farsi),https://letterboxd.com/film/children-of-heaven/,2026-05-04
Joint Security Area,2000,Action|Thriller|Drama,108,4.21,85601,21053,South Korea,Korean|French|English|German|Korean,https://letterboxd.com/film/joint-security-area/,2026-05-04
Happy Together,1997,Drama|Romance,96,4.21,240920,70970,Hong Kong|South Korea|Japan,Cantonese|Cantonese|English|Spanish,https://letterboxd.com/film/happy-together-1997/,2026-05-04
The Deer Hunter,1978,War|Drama,183,4.21,294351,43877,UK|USA,English|English|French|Russian|Vietnamese,https://letterboxd.com/film/the-deer-hunter/,2026-05-04
A Dog’s Will,2000,Romance|Fantasy|Comedy|Drama,104,4.21,123176,20667,Brazil,Portuguese|Latin|Portuguese,https://letterboxd.com/film/a-dogs-will/,2026-05-04
Y Tu Mamá También,2001,Romance|Drama,106,4.21,470149,150886,Mexico,Spanish,https://letterboxd.com/film/y-tu-mama-tambien/,2026-05-04
Cries and Whispers,1972,Drama,95,4.21,81896,17271,Sweden,Swedish,https://letterboxd.com/film/cries-and-whispers/,2026-05-04
Winter Sleep,2014,Drama,196,4.21,53549,5530,Turkey|France|Germany|Japan,Turkish|Turkish|English,https://letterboxd.com/film/winter-sleep/,2026-05-04
Little Miss Sunshine,2006,Drama|Comedy,102,4.21,2201842,467496,USA,English,https://letterboxd.com/film/little-miss-sunshine/,2026-05-04
Mysterious Skin,2004,Drama,105,4.21,596583,220504,USA|Netherlands,English,https://letterboxd.com/film/mysterious-skin/,2026-05-04
Raging Bull,1980,History|Drama,129,4.21,589183,101015,USA,English,https://letterboxd.com/film/raging-bull/,2026-05-04
Investigation of a Citizen Above Suspicion,1970,Drama|Thriller,111,4.21,39295,7354,Italy,Italian,https://letterboxd.com/film/investigation-of-a-citizen-above-suspicion/,2026-05-04
Aftersun,2022,Drama,101,4.21,1553960,533867,UK|USA,English|Turkish|English|Spanish,https://letterboxd.com/film/aftersun/,2026-05-04
Casino,1995,Crime|Drama,179,4.21,743007,114805,France|USA,English,https://letterboxd.com/film/casino/,2026-05-04
Le Cercle Rouge,1970,Thriller|Crime,140,4.21,65372,13068,France|Italy,French,https://letterboxd.com/film/le-cercle-rouge/,2026-05-04
Rosemary’s Baby,1968,Horror|Thriller|Drama,138,4.21,571583,107944,USA,English,https://letterboxd.com/film/rosemarys-baby/,2026-05-04
Hope,2013,Drama,122,4.21,46940,10264,South Korea,Korean,https://letterboxd.com/film/hope-2013/,2026-05-04
Meiyazhagan,2024,Drama|Family,177,4.21,49538,15372,India,Tamil,https://letterboxd.com/film/meiyazhagan/,2026-05-04
Persepolis,2007,Animation|Drama,95,4.21,237861,32025,France|USA,French|Persian (Farsi)|German|French,https://letterboxd.com/film/persepolis/,2026-05-04
The Last Picture Show,1971,Drama|Romance,119,4.21,89933,21781,USA,English,https://letterboxd.com/film/the-last-picture-show/,2026-05-04
Sound of Metal,2019,Drama|Music,121,4.21,848232,167540,USA,English|French|English,https://letterboxd.com/film/sound-of-metal/,2026-05-04
A Silent Voice: The Movie,2016,Romance|Animation|Drama,129,4.21,867254,125942,Japan,Japanese,https://letterboxd.com/film/a-silent-voice-the-movie/,2026-05-04
A Taxi Driver,2017,Drama|History|Action,138,4.21,111794,19229,South Korea,Korean|Korean|Japanese|English|German,https://letterboxd.com/film/a-taxi-driver/,2026-05-04
Back to the Future,1985,Adventure|Comedy|Science Fiction,116,4.21,2667148,269984,USA,English,https://letterboxd.com/film/back-to-the-future/,2026-05-04
The Wild Robot,2024,Adventure|Animation|Family|Science Fiction,102,4.21,1291860,416243,USA,English,https://letterboxd.com/film/the-wild-robot/,2026-05-04
The Kid,1921,Drama|Comedy,68,4.21,132876,21351,USA,No spoken language,https://letterboxd.com/film/the-kid/,2026-05-04
Grand Illusion,1937,War|Drama|History,114,4.21,49112,7651,France,French|Russian|German|French|English,https://letterboxd.com/film/grand-illusion/,2026-05-04
Au Revoir les Enfants,1987,Drama|War,105,4.21,56637,8795,Germany|France,French|English|French|German|Greek (modern)|Latin,https://letterboxd.com/film/au-revoir-les-enfants/,2026-05-04
The Sting,1973,Drama|Comedy|Crime,129,4.21,200327,38037,USA,English,https://letterboxd.com/film/the-sting/,2026-05-04
"Night Is Short, Walk On Girl",2017,Romance|Fantasy|Comedy|Animation,93,4.21,72427,22320,Japan,Japanese,https://letterboxd.com/film/night-is-short-walk-on-girl/,2026-05-04
Boogie Nights,1997,Drama,156,4.2,656381,161746,USA,English,https://letterboxd.com/film/boogie-nights/,2026-05-04
"Comrades, Almost a Love Story",1996,Drama|Romance,118,4.21,30333,9169,Hong Kong,Cantonese|Cantonese|Chinese|English,https://letterboxd.com/film/comrades-almost-a-love-story/,2026-05-04
Good Morning,1959,Comedy|Family|Drama,94,4.2,61114,18065,Japan,Japanese,https://letterboxd.com/film/good-morning/,2026-05-04
Unforgiven,1992,Western,130,4.2,312043,47629,USA,English,https://letterboxd.com/film/unforgiven/,2026-05-04
HAIKYU!! The Dumpster Battle,2024,Animation|Comedy,84,4.2,107778,42576,Japan,Japanese,https://letterboxd.com/film/haikyu-the-dumpster-battle/,2026-05-04
Drive My Car,2021,Drama,179,4.2,379146,94138,Japan,Japanese|Chinese|English|German|Indonesian|Japanese|Korean|Malay|Tagalog,https://letterboxd.com/film/drive-my-car/,2026-05-04
In the Name of the Father,1993,Drama,133,4.2,116071,15807,Ireland,English,https://letterboxd.com/film/in-the-name-of-the-father-1993/,2026-05-04
PlayTime,1967,Comedy,115,4.2,106810,32862,France|Italy,French|German|French|English,https://letterboxd.com/film/playtime/,2026-05-04
RRR,2022,Adventure|Action|Drama,187,4.2,337989,117619,India,Telugu|English|Telugu,https://letterboxd.com/film/rrr/,2026-05-04
Rashomon,1950,Crime|Drama|Mystery,88,4.2,287887,58439,Japan,Japanese,https://letterboxd.com/film/rashomon/,2026-05-04
Gangs of Wasseypur – Part 2,2012,Crime|Thriller|Action,160,4.2,29858,3291,India,Hindi,https://letterboxd.com/film/gangs-of-wasseypur-part-2/,2026-05-04
A Face in the Crowd,1957,Drama,125,4.2,30166,8583,USA,English,https://letterboxd.com/film/a-face-in-the-crowd/,2026-05-04
Love Streams,1984,Drama,141,4.2,27919,7516,USA,English|English|French|Spanish,https://letterboxd.com/film/love-streams/,2026-05-04
Moonlight,2016,Drama,111,4.2,1438503,223085,USA,English,https://letterboxd.com/film/moonlight-2016/,2026-05-04
Linda Linda Linda,2005,Music|Drama|Comedy,115,4.2,67512,27774,Japan,Japanese|Japanese|Korean,https://letterboxd.com/film/linda-linda-linda/,2026-05-04
Through the Olive Trees,1994,Drama|Romance,104,4.2,42494,8756,Iran|France,Persian (Farsi),https://letterboxd.com/film/through-the-olive-trees/,2026-05-04
The Conformist,1970,Drama,108,4.2,75952,15042,Germany|France|Italy,Italian|French|Chinese|Latin|Italian,https://letterboxd.com/film/the-conformist/,2026-05-04
Mind Game,2004,Adventure|Animation|Drama|Comedy|Romance|Fantasy,103,4.2,62186,21097,Japan,Japanese,https://letterboxd.com/film/mind-game/,2026-05-04
Better Days,2019,Romance|Crime|Drama,135,4.2,131780,37760,China|Hong Kong|UK,Chinese,https://letterboxd.com/film/better-days-2019/,2026-05-04
Full Metal Jacket,1987,Drama|War,117,4.2,1044814,131030,UK|USA,English|English|Vietnamese,https://letterboxd.com/film/full-metal-jacket/,2026-05-04
Pixote,1980,Drama|Crime,127,4.2,54875,17257,Brazil,Portuguese,https://letterboxd.com/film/pixote/,2026-05-04
In a Lonely Place,1950,Romance|Thriller|Drama|Mystery,93,4.2,82512,21530,USA,English,https://letterboxd.com/film/in-a-lonely-place/,2026-05-04
Joyland,2022,Drama|Romance,127,4.2,51947,16573,Pakistan|USA,"Urdu|Eastern Punjabi, Eastern Panjabi|Urdu",https://letterboxd.com/film/joyland-2022/,2026-05-04
My Neighbor Totoro,1988,Fantasy|Animation|Family,86,4.19,1928802,243833,Japan,Japanese,https://letterboxd.com/film/my-neighbor-totoro/,2026-05-04
The General,1926,Romance|Comedy|Drama|Action|Adventure|War,79,4.19,108411,23442,USA,No spoken language,https://letterboxd.com/film/the-general/,2026-05-04
Dogville,2003,Thriller|Crime|Drama,178,4.19,200673,34647,Denmark|Finland|France|Germany|Netherlands|Sweden|UK,English,https://letterboxd.com/film/dogville/,2026-05-04
Ivan’s Childhood,1962,War|Drama,95,4.19,103960,17989,USSR,Russian|German|Russian,https://letterboxd.com/film/ivans-childhood/,2026-05-04
Amélie,2001,Romance|Comedy,122,4.19,1312058,203875,France|Germany,French|French|Russian,https://letterboxd.com/film/amelie/,2026-05-04
The Grapes of Wrath,1940,Drama,129,4.19,61898,9248,USA,English,https://letterboxd.com/film/the-grapes-of-wrath/,2026-05-04
Nausicaä of the Valley of the Wind,1984,Animation|Science Fiction|Fantasy|Adventure,117,4.19,466512,84055,Japan,Japanese,https://letterboxd.com/film/nausicaa-of-the-valley-of-the-wind/,2026-05-04
My Life as a Zucchini,2016,Drama|Comedy|Animation,66,4.19,263605,64008,France|Switzerland,French,https://letterboxd.com/film/my-life-as-a-zucchini/,2026-05-04
Hamnet,2025,History|Drama|Romance,125,4.19,1490657,657270,UK|USA,English,https://letterboxd.com/film/hamnet/,2026-05-04
Coraline,2009,Animation|Horror|Fantasy|Family,100,4.19,2763881,392341,USA,English,https://letterboxd.com/film/coraline/,2026-05-04
A Prophet,2009,Crime|Drama,155,4.19,98916,12843,France|Italy,French|Arabic|Corsican|French,https://letterboxd.com/film/a-prophet/,2026-05-04
Klaus,2019,Animation|Family|Comedy,97,4.19,653326,135822,Spain,English|English|Northern Sami,https://letterboxd.com/film/klaus/,2026-05-04
The Return,2003,Drama|Mystery,111,4.19,36973,4843,Russia,Russian,https://letterboxd.com/film/the-return/,2026-05-04
Roman Holiday,1953,Romance|Comedy|Drama,119,4.19,311939,72508,USA,English|English|Italian,https://letterboxd.com/film/roman-holiday/,2026-05-04
North by Northwest,1959,Mystery|Adventure|Thriller,137,4.19,333524,58620,USA,English,https://letterboxd.com/film/north-by-northwest/,2026-05-04
Kumbalangi Nights,2019,Comedy|Romance|Drama,135,4.19,29220,4618,India,Malayalam|English|Malayalam|Tamil,https://letterboxd.com/film/kumbalangi-nights/,2026-05-04
Diabolique,1955,Horror|Thriller|Mystery,117,4.19,88769,19261,France,French|English|French,https://letterboxd.com/film/diabolique-1955/,2026-05-04
"The Cook, the Thief, His Wife & Her Lover",1989,Crime|Drama,124,4.19,78864,20249,France|UK,English,https://letterboxd.com/film/the-cook-the-thief-his-wife-her-lover/,2026-05-04
Hard Boiled,1992,Action|Thriller|Crime,126,4.19,125858,42724,Hong Kong,Cantonese|Cantonese|Chinese|English,https://letterboxd.com/film/hard-boiled/,2026-05-04
Day for Night,1973,Comedy|Drama,116,4.19,50374,10197,France|Italy,French|English|French,https://letterboxd.com/film/day-for-night/,2026-05-04
Who Killed Captain Alex?,2010,Comedy|Drama|Action,68,4.19,38352,15889,Uganda,Ganda|Ganda|Swahili|English,https://letterboxd.com/film/who-killed-captain-alex/,2026-05-04
The Straight Story,1999,Drama|History,112,4.19,167708,46873,USA|UK|France,English,https://letterboxd.com/film/the-straight-story/,2026-05-04
Céline and Julie Go Boating,1974,Comedy|Drama|Fantasy,193,4.19,25269,8271,France,French,https://letterboxd.com/film/celine-and-julie-go-boating/,2026-05-04
All About My Mother,1999,Comedy|Drama,101,4.19,278567,61742,Spain|France,Spanish|Catalan|Spanish,https://letterboxd.com/film/all-about-my-mother/,2026-05-04
Stand by Me,1986,Drama|Crime,89,4.19,1205569,240254,USA,English,https://letterboxd.com/film/stand-by-me/,2026-05-04
The Long Goodbye,1973,Drama|Crime|Mystery,112,4.19,169802,57628,USA,English|English|Spanish,https://letterboxd.com/film/the-long-goodbye/,2026-05-04
What Ever Happened to Baby Jane?,1962,Drama|Thriller|Horror,135,4.19,127036,30519,USA,English,https://letterboxd.com/film/what-ever-happened-to-baby-jane/,2026-05-04
"Spring, Summer, Fall, Winter… and Spring",2003,Drama,103,4.19,69303,9338,South Korea|Germany,Korean,https://letterboxd.com/film/spring-summer-fall-winter-and-spring/,2026-05-04
The Shop Around the Corner,1940,Romance|Drama|Comedy,99,4.19,96967,32063,USA,English,https://letterboxd.com/film/the-shop-around-the-corner/,2026-05-04
Rio Bravo,1959,Drama|Western,141,4.19,74574,14666,USA,English|English|Spanish,https://letterboxd.com/film/rio-bravo/,2026-05-04
Whisper of the Heart,1995,Drama|Animation|Family,111,4.19,447242,98424,Japan,Japanese,https://letterboxd.com/film/whisper-of-the-heart/,2026-05-04
Amores Perros,2000,Thriller|Drama,154,4.19,276949,57167,Mexico,Spanish,https://letterboxd.com/film/amores-perros/,2026-05-04
Threads,1984,Drama|War|Science Fiction,117,4.19,71531,24413,Australia|UK,English|Russian|English,https://letterboxd.com/film/threads/,2026-05-04
Citizen Kane,1941,Drama|Mystery,119,4.19,631992,114015,USA,English,https://letterboxd.com/film/citizen-kane/,2026-05-04
"Like Father, Like Son",2013,Drama,120,4.18,65570,11803,Japan,Japanese,https://letterboxd.com/film/like-father-like-son-2013/,2026-05-04
The Fire Within,1963,Drama,108,4.18,29997,6409,France,French,https://letterboxd.com/film/the-fire-within/,2026-05-04
Shutter Island,2010,Mystery|Drama|Thriller,138,4.18,3346158,347792,USA,English|English|German,https://letterboxd.com/film/shutter-island/,2026-05-04
La Strada,1954,Drama,115,4.18,89097,15492,Italy,Italian,https://letterboxd.com/film/la-strada/,2026-05-04
All the President’s Men,1976,Mystery|Thriller|Drama,99,4.18,233374,57389,USA,English|Spanish|English,https://letterboxd.com/film/all-the-presidents-men/,2026-05-04
Gladiator,2000,Action|Adventure|Drama,155,4.18,2075841,271598,UK|USA,English,https://letterboxd.com/film/gladiator-2000/,2026-05-04
Little Women,2019,Drama|Romance,135,4.18,2783953,559180,USA,English|French|English,https://letterboxd.com/film/little-women-2019/,2026-05-04
Cléo from 5 to 7,1962,Drama,90,4.18,244812,65733,France|Italy,French,https://letterboxd.com/film/cleo-from-5-to-7/,2026-05-04
Memento,2000,Thriller|Mystery,113,4.18,1886621,269589,USA,English,https://letterboxd.com/film/memento/,2026-05-04
Sunrise: A Song of Two Humans,1927,Romance|Drama,94,4.18,74705,18041,USA,No spoken language,https://letterboxd.com/film/sunrise-a-song-of-two-humans/,2026-05-04
Ernest & Celestine,2012,Crime|Animation|Family|Comedy|Drama,80,4.18,63680,12456,Belgium|France|Luxembourg,French,https://letterboxd.com/film/ernest-celestine/,2026-05-04
Güeros,2014,Comedy|Drama,111,4.18,59112,18871,Mexico,Spanish,https://letterboxd.com/film/gueros/,2026-05-04
All Quiet on the Western Front,1930,Drama|War,133,4.18,70906,12028,USA,English|German|French|Latin|English,https://letterboxd.com/film/all-quiet-on-the-western-front/,2026-05-04
The Matrix,1999,Science Fiction|Action,136,4.18,2770918,285075,USA,English,https://letterboxd.com/film/the-matrix/,2026-05-04
Tokyo Sonata,2008,Drama,120,4.18,42168,9988,Japan|Netherlands,Japanese,https://letterboxd.com/film/tokyo-sonata/,2026-05-04
"Rome, Open City",1945,War|Drama,104,4.18,75267,12908,Italy,Italian|German|Italian|Latin,https://letterboxd.com/film/rome-open-city/,2026-05-04
Forrest Gump,1994,Drama|Romance|Comedy,142,4.18,3831237,302741,USA,English,https://letterboxd.com/film/forrest-gump/,2026-05-04
Ali: Fear Eats the Soul,1974,Drama|Romance,93,4.18,68445,14373,Germany,German|Arabic|German,https://letterboxd.com/film/ali-fear-eats-the-soul/,2026-05-04
It Happened One Night,1934,Romance|Comedy,105,4.18,136987,36471,USA,English,https://letterboxd.com/film/it-happened-one-night/,2026-05-04
The Exterminating Angel,1962,Drama|Comedy|Fantasy,93,4.17,69232,12840,Mexico,Spanish,https://letterboxd.com/film/the-exterminating-angel/,2026-05-04
The Children’s Hour,1961,Drama,108,4.18,72658,30033,USA,English,https://letterboxd.com/film/the-childrens-hour/,2026-05-04
Cabaret,1972,Romance|Drama|Music,124,4.18,173662,55505,Germany|USA,English|Hebrew (modern)|German|French|English,https://letterboxd.com/film/cabaret/,2026-05-04
Once Upon a Time in Anatolia,2011,Crime|Drama,163,4.17,60257,6562,Bosnia and Herzegovina|Turkey,Turkish,https://letterboxd.com/film/once-upon-a-time-in-anatolia/,2026-05-04
The Second Mother,2015,Drama,112,4.17,140472,42055,Brazil,Portuguese|English|Portuguese,https://letterboxd.com/film/the-second-mother/,2026-05-04
Mother,2009,Crime|Mystery|Drama,129,4.17,190301,33031,South Korea,Korean,https://letterboxd.com/film/mother-2009/,2026-05-04
Touch of Evil,1958,Thriller|Drama|Crime,111,4.17,107406,19000,USA,English|Spanish|English,https://letterboxd.com/film/touch-of-evil/,2026-05-04
Vampire Hunter D: Bloodlust,2000,Fantasy|Animation|Action|Horror|Adventure|Science Fiction,103,4.17,91223,20982,Japan,English,https://letterboxd.com/film/vampire-hunter-d-bloodlust/,2026-05-04
Butch Cassidy and the Sundance Kid,1969,Western|Adventure|History|Drama|Crime,111,4.17,191037,38220,USA,English|English|Spanish,https://letterboxd.com/film/butch-cassidy-and-the-sundance-kid/,2026-05-04
Black Swan,2010,Drama|Thriller|Horror,108,4.17,3051791,513597,USA,English|English|French|Italian,https://letterboxd.com/film/black-swan/,2026-05-04
Nashville,1975,Music|Drama|Comedy,160,4.17,75945,25849,USA,English,https://letterboxd.com/film/nashville/,2026-05-04
On the Waterfront,1954,Romance|Drama|Crime,108,4.17,143634,25837,USA,English,https://letterboxd.com/film/on-the-waterfront/,2026-05-04
Memoir of a Snail,2024,Comedy|Drama|Animation,94,4.17,283290,111661,Australia,English|French|English,https://letterboxd.com/film/memoir-of-a-snail/,2026-05-04
The Green Ray,1986,Drama|Romance,99,4.17,70716,20821,France,French|German|French|English|Spanish,https://letterboxd.com/film/the-green-ray/,2026-05-04
The Spirit of the Beehive,1973,Fantasy|Drama,98,4.17,56543,11946,Spain,Spanish,https://letterboxd.com/film/the-spirit-of-the-beehive/,2026-05-04
All About Lily Chou-Chou,2001,Drama|Crime,146,4.17,190782,66068,Japan,Japanese,https://letterboxd.com/film/all-about-lily-chou-chou/,2026-05-04
Phantom Thread,2017,Drama|Romance,130,4.17,641214,188156,USA|China,English|French|English,https://letterboxd.com/film/phantom-thread/,2026-05-04
Carandiru,2003,Drama,145,4.17,99465,30171,Brazil|Argentina,Portuguese,https://letterboxd.com/film/carandiru/,2026-05-04
Mad Max: Fury Road,2015,Science Fiction|Adventure|Action,121,4.17,2115576,279933,Australia|USA,English,https://letterboxd.com/film/mad-max-fury-road/,2026-05-04
After Life,1998,Drama|Fantasy,118,4.17,56613,16248,Japan,Japanese,https://letterboxd.com/film/after-life/,2026-05-04
My Night at Maud’s,1969,Romance|Drama|Comedy,110,4.17,46567,9801,France,French,https://letterboxd.com/film/my-night-at-mauds/,2026-05-04
12 Years a Slave,2013,History|Drama,134,4.17,712890,46588,UK|USA,English,https://letterboxd.com/film/12-years-a-slave/,2026-05-04
Lilya 4-ever,2002,Drama|Crime,109,4.16,223248,63995,Denmark|Sweden,Swedish|Russian|Swedish|English,https://letterboxd.com/film/lilya-4-ever/,2026-05-04
Blue Giant,2023,Music|Drama|Animation,120,4.16,29113,10492,Japan,Japanese,https://letterboxd.com/film/blue-giant/,2026-05-04
Short Term 12,2013,Drama,96,4.16,151678,25776,USA,English,https://letterboxd.com/film/short-term-12-2013/,2026-05-04
The Great Escape,1963,Drama|War|Adventure,173,4.16,152701,19014,USA,English|English|German|French|Russian,https://letterboxd.com/film/the-great-escape/,2026-05-04
"Synecdoche, New York",2008,Drama,124,4.16,279140,75946,USA,English|English|German,https://letterboxd.com/film/synecdoche-new-york/,2026-05-04
Fallen Angels,1995,Crime|Romance|Action,98,4.16,684296,189788,Hong Kong,Cantonese|English|Chinese|Japanese|Cantonese,https://letterboxd.com/film/fallen-angels/,2026-05-04
Silenced,2011,Drama,125,4.16,81617,19136,South Korea,Korean,https://letterboxd.com/film/silenced/,2026-05-04
Through a Glass Darkly,1961,Drama,91,4.16,54914,10139,Sweden,Swedish|Latin|Swedish,https://letterboxd.com/film/through-a-glass-darkly/,2026-05-04
Cool Hand Luke,1967,Crime|Drama,127,4.16,122398,20492,USA,English,https://letterboxd.com/film/cool-hand-luke/,2026-05-04
Oppenheimer,2023,Drama|History,181,4.16,4174241,815525,UK|USA,English|Dutch|English,https://letterboxd.com/film/oppenheimer-2023/,2026-05-04
Star Wars,1977,Adventure|Science Fiction|Action,121,4.16,2537618,290039,USA,English,https://letterboxd.com/film/star-wars/,2026-05-04
Alice in the Cities,1974,Drama,110,4.16,41580,8530,Germany|USA|Netherlands,German|German|English|Dutch,https://letterboxd.com/film/alice-in-the-cities/,2026-05-04
Mulan,1998,Family|Animation|Adventure,88,4.16,1243094,118044,USA,English|English|Chinese,https://letterboxd.com/film/mulan/,2026-05-04
American History X,1998,Drama,119,4.16,885214,93866,USA,English,https://letterboxd.com/film/american-history-x/,2026-05-04
The Virgin Spring,1960,Drama|History,90,4.16,50556,8241,Sweden,Swedish,https://letterboxd.com/film/the-virgin-spring/,2026-05-04
Hiroshima Mon Amour,1959,Drama|Romance|History,92,4.16,146989,35551,France|Japan,French|English|French|Japanese,https://letterboxd.com/film/hiroshima-mon-amour/,2026-05-04
The Killer,1989,Crime|Drama|Action|Thriller,110,4.16,82249,24543,Hong Kong,Cantonese|Cantonese|Chinese|Japanese,https://letterboxd.com/film/the-killer/,2026-05-04
Past Lives,2023,Drama|Romance,106,4.16,1741099,593138,USA|South Korea,English|English|Korean,https://letterboxd.com/film/past-lives/,2026-05-04
Brokeback Mountain,2005,Drama|Romance,134,4.16,1518047,405593,Canada|USA,English,https://letterboxd.com/film/brokeback-mountain/,2026-05-04
Pride,2014,Drama|Comedy,120,4.15,140032,34751,France|UK,English,https://letterboxd.com/film/pride-2014/,2026-05-04
The Wolf House,2018,Drama|Horror|Animation,74,4.15,61789,20898,Chile|Germany,Spanish|German|Spanish,https://letterboxd.com/film/the-wolf-house/,2026-05-04
Sentimental Value,2025,Drama,133,4.15,917201,366534,Turkey|Norway|France|Denmark|Sweden|Germany|UK,Norwegian|English|German|Norwegian|Swedish,https://letterboxd.com/film/sentimental-value-2025/,2026-05-04
The Great Silence,1968,Drama|Western,106,4.15,41072,9913,Italy|France,Italian|English|French|Italian,https://letterboxd.com/film/the-great-silence/,2026-05-04
Society of the Snow,2023,History|Drama,143,4.15,1144251,258981,Spain|USA,Spanish,https://letterboxd.com/film/society-of-the-snow/,2026-05-04
Punishment Park,1971,Drama|Thriller,88,4.15,29099,8710,USA,English,https://letterboxd.com/film/punishment-park/,2026-05-04
Eat Drink Man Woman,1994,Romance|Drama|Comedy,123,4.15,42080,10572,Taiwan|USA,Chinese,https://letterboxd.com/film/eat-drink-man-woman/,2026-05-04
Pan’s Labyrinth,2006,War|Drama|Fantasy,118,4.15,983881,107799,Mexico|Spain|USA,Spanish,https://letterboxd.com/film/pans-labyrinth/,2026-05-04
Mustang,2015,Drama,97,4.15,134137,27399,Turkey|France|Germany,Turkish,https://letterboxd.com/film/mustang-2015/,2026-05-04
Raiders of the Lost Ark,1981,Adventure|Action,115,4.15,1252170,152287,USA,English|English|Spanish|German|Hebrew (modern)|Arabic|Nepali,https://letterboxd.com/film/raiders-of-the-lost-ark/,2026-05-04
The Intouchables,2011,Drama|Comedy,113,4.15,888145,57000,France,French|English|French,https://letterboxd.com/film/the-intouchables/,2026-05-04
The Gold Rush,1925,Drama|Comedy|Adventure,95,4.15,101578,16620,USA,No spoken language,https://letterboxd.com/film/the-gold-rush/,2026-05-04
Three Colours: Blue,1993,Drama,98,4.15,255814,46372,France|Poland|Switzerland,French|French|Polish,https://letterboxd.com/film/three-colours-blue/,2026-05-04
Dial M for Murder,1954,Thriller|Drama|Crime,105,4.15,202569,37354,USA,English,https://letterboxd.com/film/dial-m-for-murder/,2026-05-04
One Battle After Another,2025,Thriller|Comedy|Action|Crime,162,4.15,2604062,963588,USA,English|English|Spanish|French,https://letterboxd.com/film/one-battle-after-another/,2026-05-04
Midnight Cowboy,1969,Drama,113,4.15,212241,51912,USA,English|English|Italian,https://letterboxd.com/film/midnight-cowboy/,2026-05-04
The Leopard,1963,Drama,186,4.15,53542,9714,France|Italy,Italian|French|Italian|Latin,https://letterboxd.com/film/the-leopard/,2026-05-04
Sanjuro,1962,Comedy|Action|Drama,96,4.15,67225,13779,Japan,Japanese,https://letterboxd.com/film/sanjuro/,2026-05-04
3 Women,1977,Drama,124,4.15,75194,23499,USA,English,https://letterboxd.com/film/3-women/,2026-05-04
The Conversation,1974,Drama|Crime|Mystery,114,4.15,266173,61453,USA,English,https://letterboxd.com/film/the-conversation/,2026-05-04
Fargo,1996,Crime|Comedy|Drama|Thriller,98,4.15,1349648,253556,UK|USA,English,https://letterboxd.com/film/fargo/,2026-05-04
Terrorizers,1986,Mystery|Drama|Thriller|Crime,109,4.15,31280,6610,Taiwan,Chinese,https://letterboxd.com/film/terrorizers/,2026-05-04
The Hidden Fortress,1958,Drama|Action|Adventure,139,4.15,68149,13949,Japan,Japanese,https://letterboxd.com/film/the-hidden-fortress/,2026-05-04
Pink Floyd: The Wall,1982,Music|Drama,95,4.15,122959,27061,UK,English,https://letterboxd.com/film/pink-floyd-the-wall/,2026-05-04
Nine Queens,2000,Crime|Drama|Thriller,114,4.15,104899,23556,Argentina,Spanish,https://letterboxd.com/film/nine-queens/,2026-05-04
3 Idiots,2009,Drama|Comedy,171,4.15,202591,25173,India,Hindi|Hindi|English,https://letterboxd.com/film/3-idiots/,2026-05-04
Seconds,1966,Horror|Science Fiction|Thriller,107,4.15,59292,16141,USA,English,https://letterboxd.com/film/seconds/,2026-05-04
Monty Python and the Holy Grail,1975,Fantasy|Comedy|Adventure,91,4.15,675679,93440,UK,English|French|Latin|English,https://letterboxd.com/film/monty-python-and-the-holy-grail/,2026-05-04
The Sword of Doom,1966,Drama|Action,122,4.15,26855,6565,Japan,Japanese,https://letterboxd.com/film/the-sword-of-doom/,2026-05-04
Kiki’s Delivery Service,1989,Fantasy|Animation|Family,103,4.14,1154213,198196,Japan,Japanese,https://letterboxd.com/film/kikis-delivery-service/,2026-05-04
Scarface,1983,Drama|Action|Crime,170,4.14,1552892,191629,USA,English|English|Spanish,https://letterboxd.com/film/scarface-1983/,2026-05-04
I Dream in Another Language,2017,Drama|Fantasy,101,4.15,35050,11410,Mexico|Netherlands|Israel,Spanish,https://letterboxd.com/film/i-dream-in-another-language/,2026-05-04
There’s Still Tomorrow,2023,History|Comedy|Drama,118,4.14,125659,22471,Italy,Italian|Italian|English,https://letterboxd.com/film/theres-still-tomorrow/,2026-05-04
Breaking the Waves,1996,Drama|Romance,159,4.14,83077,14289,Denmark|France|Netherlands|Norway|Sweden,English,https://letterboxd.com/film/breaking-the-waves/,2026-05-04
Wild Tales,2014,Comedy|Thriller|Drama,122,4.14,259586,46392,Argentina|Spain,Spanish,https://letterboxd.com/film/wild-tales/,2026-05-04
How to Train Your Dragon,2010,Fantasy|Family|Adventure|Animation,98,4.14,1845085,195055,USA,English,https://letterboxd.com/film/how-to-train-your-dragon/,2026-05-04
Harry Potter and the Prisoner of Azkaban,2004,Adventure|Fantasy,141,4.14,2923883,320878,UK|USA,English,https://letterboxd.com/film/harry-potter-and-the-prisoner-of-azkaban/,2026-05-04
Pride & Prejudice,2005,Drama|Romance,128,4.14,2079562,538305,France|UK|USA,English,https://letterboxd.com/film/pride-prejudice/,2026-05-04
"One Sings, the Other Doesn’t",1977,Music|Drama,122,4.14,27933,8473,Belgium|France|Netherlands Antilles,French|Dutch|French|Persian (Farsi)|English,https://letterboxd.com/film/one-sings-the-other-doesnt/,2026-05-04
Rope,1948,Crime|Thriller|Drama,81,4.14,319842,75750,USA,English,https://letterboxd.com/film/rope/,2026-05-04
Phantom of the Paradise,1974,Comedy|Horror|Fantasy,92,4.14,160947,64136,USA,English,https://letterboxd.com/film/phantom-of-the-paradise/,2026-05-04
The Umbrellas of Cherbourg,1964,Romance|Drama,93,4.14,190529,70282,France|Germany,French,https://letterboxd.com/film/the-umbrellas-of-cherbourg/,2026-05-04
McCabe & Mrs. Miller,1971,Western|Drama,120,4.14,64469,18587,USA,English|English|Cantonese,https://letterboxd.com/film/mccabe-mrs-miller/,2026-05-04
Reservoir Dogs,1992,Crime|Thriller,99,4.14,1584991,188260,USA,English,https://letterboxd.com/film/reservoir-dogs/,2026-05-04
The Servant,1963,Drama,116,4.14,32492,7112,UK,English,https://letterboxd.com/film/the-servant/,2026-05-04
Faust,1926,Fantasy|Drama|Horror,116,4.14,36211,8999,Germany,No spoken language,https://letterboxd.com/film/faust-1926/,2026-05-04
Arrival,2016,Mystery|Science Fiction|Drama,116,4.14,2469999,330133,USA,English|Chinese|English|Russian,https://letterboxd.com/film/arrival-2016/,2026-05-04
Souleymane’s Story,2024,Drama,94,4.14,95967,22496,France,"French|French|Fula, Fulah, Pulaar, Pular|Turkish|English",https://letterboxd.com/film/souleymanes-story/,2026-05-04
Le Bonheur,1965,Drama|Romance,80,4.14,96583,33611,France,French,https://letterboxd.com/film/happiness-1965/,2026-05-04
12th Fail,2023,Drama,146,4.14,64768,13521,India,Hindi|English|Hindi,https://letterboxd.com/film/12th-fail/,2026-05-04
Get Out,2017,Horror|Mystery|Thriller,104,4.14,4344809,473432,USA,English,https://letterboxd.com/film/get-out-2017/,2026-05-04
Mr. Smith Goes to Washington,1939,Drama|Comedy,130,4.14,75046,14970,USA,English,https://letterboxd.com/film/mr-smith-goes-to-washington/,2026-05-04
About Elly,2009,Drama,119,4.14,47428,5706,Iran,Persian (Farsi)|German|Persian (Farsi),https://letterboxd.com/film/about-elly/,2026-05-04
Redline,2009,Science Fiction|Animation|Action,102,4.14,95993,27514,Japan,Japanese,https://letterboxd.com/film/redline/,2026-05-04
Fitzcarraldo,1982,Adventure|Drama,157,4.14,86416,17186,Germany|Peru,German|English|German|Italian|Spanish,https://letterboxd.com/film/fitzcarraldo/,2026-05-04
Short Cuts,1993,Comedy|Drama,188,4.14,46673,9599,USA,English,https://letterboxd.com/film/short-cuts/,2026-05-04
In Cold Blood,1967,Drama|Crime,134,4.13,28471,5425,USA,English,https://letterboxd.com/film/in-cold-blood/,2026-05-04
Love Letter,1995,Romance|Drama,117,4.13,47742,14663,Japan,Japanese,https://letterboxd.com/film/love-letter/,2026-05-04
Hundreds of Beavers,2022,Adventure|Comedy|Action,108,4.13,176545,97467,USA,English,https://letterboxd.com/film/hundreds-of-beavers/,2026-05-04
The Color of Pomegranates,1969,Drama|History,80,4.13,98634,31775,USSR,Armenian|Armenian|Azerbaijani|Georgian,https://letterboxd.com/film/the-color-of-pomegranates/,2026-05-04
C’mon C’mon,2021,Drama,109,4.13,201986,59283,USA,English,https://letterboxd.com/film/cmon-cmon/,2026-05-04
Puss in Boots: The Last Wish,2022,Animation|Family|Fantasy|Comedy|Adventure,103,4.13,1799689,376883,USA,English|English|Spanish,https://letterboxd.com/film/puss-in-boots-the-last-wish/,2026-05-04
The Cameraman,1928,Romance|Comedy|Drama,74,4.13,34092,9357,USA,No spoken language,https://letterboxd.com/film/the-cameraman/,2026-05-04
La La Land,2016,Drama|Comedy|Romance,129,4.12,4638602,993436,USA,English,https://letterboxd.com/film/la-la-land/,2026-05-04
10 Things I Hate About You,1999,Comedy|Drama|Romance,97,4.05,3823911,715884,USA,English|English|French,https://letterboxd.com/film/10-things-i-hate-about-you/,2026-05-04
The Perks of Being a Wallflower,2012,Drama,103,4.02,3125157,611601,USA,English,https://letterboxd.com/film/the-perks-of-being-a-wallflower/,2026-05-04
Call Me by Your Name,2017,Romance|Drama,132,3.85,2957176,600465,Brazil|France|Italy|USA,English|French|English|Italian,https://letterboxd.com/film/call-me-by-your-name/,2026-05-04
Star Wars: Episode III – Revenge of the Sith,2005,Science Fiction|Adventure|Action,140,4.07,2176220,383426,USA,English,https://letterboxd.com/film/star-wars-episode-iii-revenge-of-the-sith/,2026-05-04
The Notebook,2004,Romance|Drama,123,3.87,2513312,487609,USA,English,https://letterboxd.com/film/the-notebook/,2026-05-04
Scream,1996,Mystery|Crime|Horror,112,4.02,2154462,480750,USA,English,https://letterboxd.com/film/scream/,2026-05-04
Mamma Mia!,2008,Comedy|Romance,108,3.86,2043433,431923,Germany|UK|USA,English|English|Greek (modern),https://letterboxd.com/film/mamma-mia/,2026-05-04
Donnie Darko,2001,Drama|Fantasy|Mystery,42,3.97,2274749,436392,USA,English,https://letterboxd.com/film/donnie-darko/,2026-05-04
Scott Pilgrim vs. the World,2010,Romance|Action|Comedy,113,3.88,2501464,461680,Japan|UK|USA,English,https://letterboxd.com/film/scott-pilgrim-vs-the-world/,2026-05-04
The Batman,2022,Crime|Mystery|Thriller,177,4.02,3884049,723021,USA,English,https://letterboxd.com/film/the-batman/,2026-05-04
About Time,2013,Drama|Fantasy|Romance,123,4.07,1477757,308160,UK|USA,English,https://letterboxd.com/film/about-time/,2026-05-04
Beautiful Boy,2018,Drama,121,4.06,1616739,396458,USA,English,https://letterboxd.com/film/beautiful-boy-2018/,2026-05-04
How to Lose a Guy in 10 Days,2003,Comedy|Romance,116,3.79,2126092,468301,USA,English,https://letterboxd.com/film/how-to-lose-a-guy-in-10-days/,2026-05-04
Sinners,2025,Thriller|Action|Horror,138,4.1,4324112,1579427,USA,English|English|Chinese|Yoruba,https://letterboxd.com/film/sinners-2025/,2026-05-04
Lady Bird,2017,Comedy|Drama,94,3.82,2989511,516870,USA,English,https://letterboxd.com/film/lady-bird/,2026-05-04
"Girl, Interrupted",1999,Drama,127,3.95,1413217,277521,USA,English,https://letterboxd.com/film/girl-interrupted/,2026-05-04
The Hunger Games: Catching Fire,2013,Science Fiction|Adventure|Action,146,3.94,2195606,333993,USA,English,https://letterboxd.com/film/the-hunger-games-catching-fire/,2026-05-04
Bones and All,2022,Horror|Drama|Romance,131,3.74,1204999,439227,Italy|USA,English,https://letterboxd.com/film/bones-and-all/,2026-05-04
Tangled,2010,Family|Adventure|Animation,100,4.04,2310676,237121,USA,English,https://letterboxd.com/film/tangled-2010/,2026-05-04
The Virgin Suicides,1999,Romance|Drama,97,3.85,1268093,318830,USA,English,https://letterboxd.com/film/the-virgin-suicides/,2026-05-04
Jurassic Park,1993,Science Fiction|Adventure,127,4.12,2184212,239825,USA,English|English|Spanish,https://letterboxd.com/film/jurassic-park/,2026-05-04
Taxi Driver,1976,Crime|Drama,114,4.11,2316776,330813,USA,English|English|Spanish,https://letterboxd.com/film/taxi-driver/,2026-05-04
The Devil Wears Prada,2006,Comedy|Drama,109,3.83,2954302,522286,USA,English|English|French,https://letterboxd.com/film/the-devil-wears-prada/,2026-05-04
(500) Days of Summer,2009,Romance|Comedy|Drama,95,3.65,3017345,686521,USA,English|English|French|Swedish,https://letterboxd.com/film/500-days-of-summer/,2026-05-04
Twilight,2008,Drama|Fantasy|Romance,122,3.08,2178019,542710,UK|USA,English,https://letterboxd.com/film/twilight-2008/,2026-05-04
Titanic,1997,Drama|Romance,194,3.83,3105129,267076,USA,English|English|French|German|Swedish|Italian|Russian,https://letterboxd.com/film/titanic-1997/,2026-05-04
Blade Runner 2049,2017,Science Fiction|Drama,164,4.1,2136291,285486,Canada|UK|USA,English|English|Finnish|Hungarian|Japanese|Russian|Somali|Spanish,https://letterboxd.com/film/blade-runner-2049/,2026-05-04
Avatar,2009,Adventure|Science Fiction|Action,162,3.75,2945471,298862,USA|UK,English|English|Spanish,https://letterboxd.com/film/avatar/,2026-05-04
Blade Runner,1982,Thriller|Drama|Science Fiction,118,4.1,1413267,205068,USA|Hong Kong|UK,English|English|German|Cantonese|Japanese|Hungarian,https://letterboxd.com/film/blade-runner/,2026-05-04
The Princess Bride,1987,Adventure|Fantasy|Comedy|Family|Romance,99,4.1,1086950,206625,USA,English,https://letterboxd.com/film/the-princess-bride/,2026-05-04
Midsommar,2019,Mystery|Drama|Horror,147,3.75,3673586,569319,Sweden|USA,English|English|Swedish,https://letterboxd.com/film/midsommar/,2026-05-04
Requiem for a Dream,2000,Drama|Crime,102,4.1,1617159,307786,USA,English,https://letterboxd.com/film/requiem-for-a-dream/,2026-05-04
Almost Famous,2000,Drama|Music,124,4.08,763527,201081,USA,English,https://letterboxd.com/film/almost-famous/,2026-05-04
When Harry Met Sally…,1989,Drama|Romance|Comedy,96,4.07,1201865,364379,USA,English,https://letterboxd.com/film/when-harry-met-sally/,2026-05-04
Gone Girl,2014,Drama|Mystery|Thriller,149,4.07,3037989,456795,USA,English,https://letterboxd.com/film/gone-girl/,2026-05-04
The Wolf of Wall Street,2013,Comedy|Drama|Crime,180,4.0,3928692,341560,USA,English|English|French,https://letterboxd.com/film/the-wolf-of-wall-street/,2026-05-04
A Clockwork Orange,1971,Crime|Science Fiction,137,4.1,1423301,191661,UK|USA,English,https://letterboxd.com/film/a-clockwork-orange/,2026-05-04
It,2017,Drama|Thriller|Horror,135,3.46,2773733,303518,USA,English,https://letterboxd.com/film/it-2017/,2026-05-04
Knives Out,2019,Mystery|Comedy|Crime,131,3.96,4012210,515144,USA,English|Spanish|English,https://letterboxd.com/film/knives-out-2019/,2026-05-04
Hereditary,2018,Thriller|Horror|Mystery,128,3.93,2607753,434843,USA|UK,English,https://letterboxd.com/film/hereditary/,2026-05-04
Baby Driver,2017,Crime|Action,113,3.7,2993112,308866,UK|USA,English,https://letterboxd.com/film/baby-driver/,2026-05-04
Lost in Translation,2003,Comedy|Romance|Drama,102,3.76,1474361,275215,UK|USA,English|Japanese|English,https://letterboxd.com/film/lost-in-translation/,2026-05-04
Challengers,2024,Romance|Drama,132,3.83,2766279,1043638,Italy|USA,English|English|Romanian,https://letterboxd.com/film/challengers/,2026-05-04
Shrek 2,2004,Family|Comedy|Romance|Animation|Fantasy,92,4.12,1967345,239918,USA,English,https://letterboxd.com/film/shrek-2/,2026-05-04
The Hunger Games,2012,Action|Science Fiction|Thriller|Adventure,142,3.81,3015321,397099,USA,English,https://letterboxd.com/film/the-hunger-games/,2026-05-04
Waves,2019,Romance|Drama,136,3.98,582227,196654,Canada|USA,English,https://letterboxd.com/film/waves-2019/,2026-05-04
American Psycho,2000,Crime|Drama|Thriller|Horror,102,3.77,3741214,543981,Canada|USA,English|English|Spanish|Cantonese,https://letterboxd.com/film/american-psycho/,2026-05-04
Avengers: Endgame,2019,Science Fiction|Action|Adventure,181,3.96,3440763,275359,USA,English|English|Japanese|Xhosa,https://letterboxd.com/film/avengers-endgame/,2026-05-04
Uptown Girls,2003,Drama|Comedy,92,4.02,797076,267913,USA,English,https://letterboxd.com/film/uptown-girls/,2026-05-04
But I’m a Cheerleader,1999,Romance|Comedy,85,4.01,846985,308331,USA,English,https://letterboxd.com/film/but-im-a-cheerleader/,2026-05-04
The Big Lebowski,1998,Comedy|Crime,117,4.11,1263923,196601,UK|USA,English|English|Hebrew (modern)|Spanish|German,https://letterboxd.com/film/the-big-lebowski/,2026-05-04
The Secret Life of Walter Mitty,2013,Comedy|Fantasy|Drama|Adventure,114,3.86,825861,151006,UK|USA,English|English|Icelandic|Spanish,https://letterboxd.com/film/the-secret-life-of-walter-mitty-2013/,2026-05-04
Her,2013,Science Fiction|Romance|Drama,126,3.97,2163752,321778,USA,English,https://letterboxd.com/film/her/,2026-05-04
The Rocky Horror Picture Show,1975,Horror|Comedy|Science Fiction,100,4.05,826413,250811,UK|USA,English|German|English,https://letterboxd.com/film/the-rocky-horror-picture-show/,2026-05-04
Corpse Bride,2005,Fantasy|Animation|Romance,77,3.91,1730975,228918,UK|USA,English,https://letterboxd.com/film/corpse-bride/,2026-05-04
Cars,2006,Adventure|Comedy|Animation|Family,117,3.9,1823688,186615,USA,English|English|Italian|Japanese|Yiddish,https://letterboxd.com/film/cars/,2026-05-04
The Social Network,2010,Drama,121,3.93,2628719,324406,USA,English,https://letterboxd.com/film/the-social-network/,2026-05-04
Bottoms,2023,Comedy,91,3.8,1444080,638361,USA,English,https://letterboxd.com/film/bottoms/,2026-05-04
Ferris Bueller’s Day Off,1986,Comedy,103,3.96,1361646,172943,USA,English,https://letterboxd.com/film/ferris-buellers-day-off/,2026-05-04
Mean Girls,2004,Comedy|Drama,97,3.82,3081204,387292,USA,English|Swahili|English|German|Vietnamese,https://letterboxd.com/film/mean-girls/,2026-05-04
Pitch Perfect,2012,Music|Comedy|Romance,112,3.62,1305036,270590,USA,English,https://letterboxd.com/film/pitch-perfect/,2026-05-04
Superbad,2007,Comedy,113,3.89,2187062,319949,USA,English,https://letterboxd.com/film/superbad/,2026-05-04
The Worst Person in the World,2021,Drama|Romance|Comedy,128,4.08,947529,279130,Norway|Sweden|Denmark|France,Norwegian,https://letterboxd.com/film/the-worst-person-in-the-world/,2026-05-04
Ponyo,2008,Animation|Family|Fantasy,100,4.12,1295182,213264,Japan,Japanese,https://letterboxd.com/film/ponyo/,2026-05-04
The Parent Trap,1998,Family|Romance|Comedy,128,3.81,1212237,145115,USA,English|Spanish|English|Italian|French,https://letterboxd.com/film/the-parent-trap-1998/,2026-05-04
Superman,2025,Science Fiction|Adventure|Action,130,3.83,3008403,1268695,USA,English|Spanish|English,https://letterboxd.com/film/superman-2025/,2026-05-04
Edward Scissorhands,1990,Fantasy|Drama|Romance,105,3.9,1660473,170921,USA,English,https://letterboxd.com/film/edward-scissorhands/,2026-05-04
Dune,2021,Science Fiction|Adventure,155,3.89,4033720,731938,USA,English,https://letterboxd.com/film/dune-2021/,2026-05-04
The Royal Tenenbaums,2001,Drama|Comedy,110,4.11,993561,220518,USA,English|English|Italian,https://letterboxd.com/film/the-royal-tenenbaums/,2026-05-04
Avengers: Infinity War,2018,Action|Science Fiction|Adventure,149,4.04,3483885,241869,USA,English|English|Xhosa,https://letterboxd.com/film/avengers-infinity-war/,2026-05-04
13 Going on 30,2004,Comedy|Romance|Fantasy,98,3.64,1638538,279798,USA,English,https://letterboxd.com/film/13-going-on-30-3/,2026-05-04
Eyes Wide Shut,1999,Thriller|Drama|Mystery,160,3.99,1342750,328626,UK|USA,English,https://letterboxd.com/film/eyes-wide-shut/,2026-05-04
Babylon,2022,Comedy|Drama,189,3.87,1058060,301829,USA,English|Cantonese|English|German|Italian|Spanish,https://letterboxd.com/film/babylon-2022/,2026-05-04
Juno,2007,Comedy|Romance|Drama,96,3.75,1550876,288405,USA,English,https://letterboxd.com/film/juno/,2026-05-04
Wicked,2024,Romance|Drama|Fantasy,162,3.77,2673992,1040934,USA,English,https://letterboxd.com/film/wicked-2024/,2026-05-04
Drive,2011,Thriller|Drama|Crime,100,3.91,1884122,266586,USA,English,https://letterboxd.com/film/drive-2011/,2026-05-04
To All the Boys I’ve Loved Before,2018,Comedy|Romance,100,3.22,1198777,223312,USA,English,https://letterboxd.com/film/to-all-the-boys-ive-loved-before/,2026-05-04
The Breakfast Club,1985,Drama|Comedy,98,3.76,1936626,210779,USA,English,https://letterboxd.com/film/the-breakfast-club/,2026-05-04
The Maze Runner,2014,Science Fiction|Thriller|Action|Mystery,113,3.53,1519519,190067,USA|UK,English,https://letterboxd.com/film/the-maze-runner/,2026-05-04
Pearl,2022,Horror|Thriller,102,3.7,1968840,532322,USA,English|English|German,https://letterboxd.com/film/pearl-2022/,2026-05-04
Manchester by the Sea,2016,Drama,138,4.13,1065012,200328,USA,English,https://letterboxd.com/film/manchester-by-the-sea/,2026-05-04
Once Upon a Time… in Hollywood,2019,Thriller|Drama|Comedy,162,3.77,3059666,384027,China|UK|USA,English|English|Italian|Spanish,https://letterboxd.com/film/once-upon-a-time-in-hollywood/,2026-05-04
Me Before You,2016,Drama|Romance,110,3.55,1309901,261776,USA,English,https://letterboxd.com/film/me-before-you/,2026-05-04
Notting Hill,1999,Comedy|Romance,124,3.68,1403767,290321,UK|USA,English,https://letterboxd.com/film/notting-hill/,2026-05-04
The Nightmare Before Christmas,1993,Family|Animation|Fantasy,76,3.97,1819109,201666,USA,English,https://letterboxd.com/film/the-nightmare-before-christmas/,2026-05-04
The Greatest Showman,2017,Drama,105,3.55,1283666,191851,USA,English,https://letterboxd.com/film/the-greatest-showman/,2026-05-04
Frankenstein,2025,Fantasy|Drama|Horror|Science Fiction,150,3.82,2502584,919407,USA|Canada,English|Danish|English|French,https://letterboxd.com/film/frankenstein-2025/,2026-05-04
Spider-Man 2,2004,Action|Science Fiction|Adventure,127,3.92,2187659,206369,USA,English|English|Russian|Chinese,https://letterboxd.com/film/spider-man-2/,2026-05-04
Poor Things,2023,Romance|Science Fiction|Comedy,141,3.93,2530304,688342,Ireland|UK|USA,English|English|French|Portuguese,https://letterboxd.com/film/poor-things-2023/,2026-05-04
The Lighthouse,2019,Thriller|Fantasy|Horror|Drama,109,4.01,1509722,309073,Brazil|USA,English,https://letterboxd.com/film/the-lighthouse-2019/,2026-05-04
Léon: The Professional,1994,Crime|Action|Drama,111,4.01,1380808,140956,France,English|English|French|Italian,https://letterboxd.com/film/leon-the-professional/,2026-05-04
The Florida Project,2017,Drama,112,4.1,1024281,215955,USA,English|English|Portuguese|Spanish,https://letterboxd.com/film/the-florida-project/,2026-05-04
Labyrinth,1986,Adventure|Family|Fantasy,101,3.76,467393,119629,UK|USA,English,https://letterboxd.com/film/labyrinth/,2026-05-04
The Substance,2024,Horror|Science Fiction,141,3.73,3480083,1220998,France|UK|USA,English,https://letterboxd.com/film/the-substance/,2026-05-04
Dirty Dancing,1987,Music|Drama|Romance,100,3.74,812916,130982,USA,English,https://letterboxd.com/film/dirty-dancing/,2026-05-04
Isle of Dogs,2018,Comedy|Animation|Adventure,101,4.06,1174278,213443,USA|Germany,English|English|Japanese,https://letterboxd.com/film/isle-of-dogs-2018/,2026-05-04
Spider-Man: No Way Home,2021,Adventure|Action|Science Fiction,148,3.83,3469721,454015,USA,English|English|Tagalog,https://letterboxd.com/film/spider-man-no-way-home/,2026-05-04
Joker,2019,Drama|Thriller|Crime,122,3.84,4532992,353399,Canada|USA,English,https://letterboxd.com/film/joker-2019/,2026-05-04
The Amazing Spider-Man,2012,Science Fiction|Adventure|Action,136,3.53,1935591,209967,USA,English,https://letterboxd.com/film/the-amazing-spider-man/,2026-05-04
Jojo Rabbit,2019,War|Comedy|Drama,108,4.04,2205139,252355,New Zealand|USA,English|English|German,https://letterboxd.com/film/jojo-rabbit/,2026-05-04
White Chicks,2004,Comedy|Crime,109,3.67,1381460,240027,USA,English,https://letterboxd.com/film/white-chicks/,2026-05-04
Jaws,1975,Adventure|Thriller|Horror,124,3.92,1667453,263281,USA,English,https://letterboxd.com/film/jaws/,2026-05-04
Clueless,1995,Comedy|Romance,97,3.69,1821027,256263,USA,English|Spanish|English,https://letterboxd.com/film/clueless/,2026-05-04
The Lego Batman Movie,2017,Comedy|Animation|Family|Action,104,3.97,1044337,228267,USA|Denmark|Australia,English,https://letterboxd.com/film/the-lego-batman-movie/,2026-05-04
Legally Blonde,2001,Comedy,96,3.83,1660216,301919,USA,English|Hungarian|English,https://letterboxd.com/film/legally-blonde/,2026-05-04
Hacksaw Ridge,2016,War|Drama|History,139,4.03,1094157,114864,Australia|UK|USA,English|Japanese|English,https://letterboxd.com/film/hacksaw-ridge/,2026-05-04
Soul,2020,Music|Drama|Family|Animation|Fantasy,101,3.94,2367725,266497,USA,English,https://letterboxd.com/film/soul-2020/,2026-05-04
Catch Me If You Can,2002,Drama|Crime,141,4.05,2387039,225763,USA,English|English|French,https://letterboxd.com/film/catch-me-if-you-can-2002/,2026-05-04
Jennifer’s Body,2009,Horror|Comedy,107,3.46,1427740,329751,USA,English|Spanish|English,https://letterboxd.com/film/jennifers-body/,2026-05-04
I Saw the TV Glow,2024,Drama|Horror,100,3.52,800970,363298,USA,English,https://letterboxd.com/film/i-saw-the-tv-glow/,2026-05-04
Blue Velvet,1986,Crime|Mystery|Thriller,120,4.06,921003,282884,USA,English,https://letterboxd.com/film/blue-velvet/,2026-05-04
Moulin Rouge!,2001,Romance|Music|Drama,128,3.8,528077,123671,Australia|USA,English|French|Spanish|English,https://letterboxd.com/film/moulin-rouge-2001/,2026-05-04
Alice in Wonderland,2010,Fantasy|Family|Adventure,108,3.34,1337742,102197,USA,English,https://letterboxd.com/film/alice-in-wonderland-2010/,2026-05-04
Hot Fuzz,2007,Action|Crime|Comedy,121,4.08,950586,133994,France|UK,English,https://letterboxd.com/film/hot-fuzz/,2026-05-04
Barbie,2023,Comedy|Fantasy|Adventure,114,3.69,5584314,1153733,UK|USA,English,https://letterboxd.com/film/barbie/,2026-05-04
Frances Ha,2012,Comedy|Drama,86,4.03,639187,198660,Brazil|USA,English,https://letterboxd.com/film/frances-ha/,2026-05-04
The Conjuring,2013,Horror|Thriller,112,3.62,1817663,229052,USA,English,https://letterboxd.com/film/the-conjuring/,2026-05-04
Dazed and Confused,1993,Comedy|Drama,102,3.91,581740,152603,USA,English,https://letterboxd.com/film/dazed-and-confused/,2026-05-04
Top Gun: Maverick,2022,Action|Drama,131,3.97,2167883,395786,USA,English,https://letterboxd.com/film/top-gun-maverick/,2026-05-04
Harry Potter and the Goblet of Fire,2005,Adventure|Fantasy,157,3.89,2376712,248773,UK|USA,English|English|French,https://letterboxd.com/film/harry-potter-and-the-goblet-of-fire/,2026-05-04
Coco,2017,Adventure|Animation|Music|Family,105,4.13,2945199,233009,USA,English|English|Spanish,https://letterboxd.com/film/coco-2017/,2026-05-04
Avatar: The Way of Water,2022,Science Fiction|Action|Adventure,192,3.63,2543599,474746,USA,English,https://letterboxd.com/film/avatar-the-way-of-water/,2026-05-04
Marty Supreme,2025,Thriller|Drama,150,4.08,2610281,1143126,USA,English|English|Japanese,https://letterboxd.com/film/marty-supreme/,2026-05-04
mid90s,2018,Drama|Comedy,86,3.82,824603,161337,USA,English,https://letterboxd.com/film/mid90s/,2026-05-04
Moonrise Kingdom,2012,Romance|Drama|Comedy,94,4.03,1066027,169353,USA,English,https://letterboxd.com/film/moonrise-kingdom/,2026-05-04
Priscilla,2023,Drama|Romance,113,3.52,1243381,385460,Italy|USA,English,https://letterboxd.com/film/priscilla/,2026-05-04
Flipped,2010,Drama|Romance,89,3.79,459276,117318,USA,English,https://letterboxd.com/film/flipped/,2026-05-04
Atonement,2007,Romance|Drama,123,4.01,736303,159632,France|UK|USA,English|English|French,https://letterboxd.com/film/atonement/,2026-05-04
Heathers,1989,Comedy|Crime,103,3.77,703814,149943,USA,English,https://letterboxd.com/film/heathers/,2026-05-04
Shrek,2001,Adventure|Fantasy|Family|Animation|Comedy,90,4.12,2657313,236585,USA,English,https://letterboxd.com/film/shrek/,2026-05-04
Halloween,1978,Thriller|Horror,91,3.76,1081152,201687,USA,English,https://letterboxd.com/film/halloween-1978/,2026-05-04
