username,rank
kurstboy,1
schaffrillas,2
jay,3
deathproof,4
demiadejuyigbe,5
davidehrlich,6
thejoshl,7
ingridgoeswest,8
colonelmortimer,9
silentdawn,10
zoerosebryant,11
framesofnick,12
aarnwlsn,13
davidlsims,14
superpulse,15
suspirliam,16
jaragon23,17
tototoro,18
sapphicquinn,19
usercillian,20
sophiedarcy,21
brat,22
jonathanfujii,23
childrenofmen,24
jeaba,25
georgecarmi,26
dirkh,27
thegaladriel,28
stk5,29
itsrambb,30
apps,31
gift-guide,32
welcome,33
api-beta,34
franhoepfner,35
eely,36
rickdeckard,37
elementarii,38
cobbb,39
riverjphoenix,40
timtamtitus,41
siooo,42
mrmoviesrd,43
leeyim,44
murielcampos,45
nycsubwayrat,46
kfavs,47
henryspencerirl,48
willhunting,49
barbiesswanlake,50
ttotoro,51
fuchsiadyke,52
sethsreviews,53
davidfinchher,54
leslieburke,55
hollieamanda,56
ellakemp,57
ilyclemmie,58
comrade_yui,59
elihayes,60
will_sloan,61
moviesrtherapy,62
lovelltrin,63
cantinaband,64
alor,65
amandathejedi,66
filipe_furtado,67
artwithin,68
whentheometfilm,69
hewasthrfriendd,70
ceryslovesfilm,71
jlalibs,72
sapphical,73
menslaughter,74
juggernaut323,75
alexlawther,76
coffeevirus,77
seanfennessey,78
kyloz,79
enniomorricone,80
russman,81
iovewitch,82
estheronfilm,83
davechen,84
ahbr,85
nevermore1985,86
connoreatspants,87
kyledunne,88
mulaney,89
niceguys,90
hauteprincesses,91
mancarrying,92
sophiaplanos,93
corsawthetvglow,94
bethanyinfilm,95
elaurapictures,96
hstrawberry,97
cinemavoid,98
demyvarda,99
justinwuah,100
megbitchell,101
arkhamoutlaw10,102
screeningnotes,103
jjbjr,104
kristenyoonsoo,105
clairacurtis,106
kun,107
zer0mile,108
shookone,109
darrencb,110
phrynefisher,111
sarahlovett,112
alovelynite,113
cuqui,114
m__ollymac,115
dakotajoaquin,116
hauntedhippie,117
jakepcole,118
swjerr,119
zoltarak,120
ellefnning,121
eddyburback,122
mcumagik,123
blueghosts,124
gemko,125
ashmatxx,126
incomingmail,127
karenhan,128
aksually,129
jurassicstark,130
ihe,131
yijian,132
tonyterror,133
mildredsfierce,134
catelyn,135
jbouie,136
mammothmafia,137
settingsun,138
chatterb0xd,139
thomasflight,140
apocalypsenow,141
impressionblend,142
elcochran90,143
justindecloux,144
jbird26,145
marianjune,146
paulswhtn,147
citizenhal,148
traintobusan,149
seahorseronan,150
jakeperalta,151
dirkbogarde,152
brendohare,153
chrisvfeil,154
yazzjames,155
joshuacaine,156
mardarrius,157
alexcolemann,158
itsnacool,159
truman,160
sharktale,161
heyitsvasili,162
benjigotfried,163
pointbreakfan,164
theendofcinema,165
neilbahadur,166
812filmreviews,167
brebear,168
bertz,169
melodramafilms,170
allicinema,171
flynnryder,172
thejoelynch,173
benoftheweek,174
campbart,175
jameskl,176
rudimh,177
cinemonika,178
pd187,179
annreinking,180
vontrapp,181
jaimerebanal,182
cevangelista413,183
roberto_,184
dahans,185
bobbywags,186
flanaganfilm,187
luciacoronado_,188
vortexd,189
jakealdacoffey,190
taylorfilmguy,191
cinemaclown,192
cathyk,193
joj66,194
zaragwen,195
marshayame,196
funeralroses,197
annanomaly,198
chloeac,199
lilfilm,200
kanye,201
oppenmommy,202
finnpoe,203
letmeexplain,204
qmoviereviews,205
oliviathebi,206
timcop,207
briantt,208
fake_shemp,209
madihatesfilm,210
elsergiomunoz,211
pobrecito,212
reibureibu,213
kevflixandchill,214
theblogosfear,215
kevintporter,216
grooveman,217
notmerii,218
tylercwhitmore,219
rendyjones,220
whyandre,221
ksenijab,222
grifflightning,223
dselwyns,224
austinburke,225
mjohnson18,226
cobrarocky,227
evasive,228
todd_gaines,229
lucyskeet,230
sarahsquirm,231
riotglasses,232
martinisheen,233
jarodzsz,234
carleythorne,235
yashley0,236
justin_peterson,237
hammerbros94,238
clarajarl,239
mr_dulac,240
flynnslicker,241
jacobknight,242
freyainthcities,243
nolanscheetz,244
cineflek,245
behaind,246
gregs1999,247
theriverjordan,248
itissofi,249
brianformo,250
